sgrna	sequence
HGLibA_61824	TTGTGGAAAGGACGAAACACCGTGCTTTTTAACAAGATCCCTGTTTTAGAGCTAGAAATAGCAAGTTAAAATAAGGCTAGTCCGTTATCAACTT
HGLibA_61823	TTGTGGAAAGGACGAAACACCGTCCTAAGATTTTCATCACCTGTTTTAGAGCTAGAAATAGCAAGTTAAAATAAGGCTAGTCCGTTATCAACTT
HGLibA_61826	TTGTGGAAAGGACGAAACACCGTAAAAAGCAGATTCTGATTCGTTTTAGAGCTAGAAATAGCAAGTTAAAATAAGGCTAGTCCGTTATCAACTT
HGLibA_40917	TTGTGGAAAGGACGAAACACCGTCAACTAGCATGAATCTTGAGTTTTAGAGCTAGAAATAGCAAGTTAAAATAAGGCTAGTCCGTTATCAACTT
HGLibB_40867	TTGTGGAAAGGACGAAACACCGAAATCAGAGTCACACTTAAAGTTTTAGAGCTAGAAATAGCAAGTTAAAATAAGGCTAGTCCGTTATCAACTT
HGLibA_40918	TTGTGGAAAGGACGAAACACCGGACCGTGTATAGTTTGCCCCGTTTTAGAGCTAGAAATAGCAAGTTAAAATAAGGCTAGTCCGTTATCAACTT
HGLibB_54642	TTGTGGAAAGGACGAAACACCGATGCTCGTCCTTGACTTCCTGTTTTAGAGCTAGAAATAGCAAGTTAAAATAAGGCTAGTCCGTTATCAACTT
HGLibB_54643	TTGTGGAAAGGACGAAACACCGGCACTCACACTGAGTTAAAGGTTTTAGAGCTAGAAATAGCAAGTTAAAATAAGGCTAGTCCGTTATCAACTT
HGLibA_54710	TTGTGGAAAGGACGAAACACCGGAAGAGCGAGTGTTGCTAACGTTTTAGAGCTAGAAATAGCAAGTTAAAATAAGGCTAGTCCGTTATCAACTT
HGLibB_28450	TTGTGGAAAGGACGAAACACCGTTACATACTTGTTCCTCCTCGTTTTAGAGCTAGAAATAGCAAGTTAAAATAAGGCTAGTCCGTTATCAACTT
HGLibA_28490	TTGTGGAAAGGACGAAACACCGGAGAACCGCAGAAGATGTTAGTTTTAGAGCTAGAAATAGCAAGTTAAAATAAGGCTAGTCCGTTATCAACTT
HGLibA_28489	TTGTGGAAAGGACGAAACACCGCAGCGTCGTGTGGATCAAAAGTTTTAGAGCTAGAAATAGCAAGTTAAAATAAGGCTAGTCCGTTATCAACTT
HGLibA_21882	TTGTGGAAAGGACGAAACACCGCATCAGAATGCTCCCCAATAGTTTTAGAGCTAGAAATAGCAAGTTAAAATAAGGCTAGTCCGTTATCAACTT
HGLibA_21881	TTGTGGAAAGGACGAAACACCGCTTCCTGATGTGAACCTTATGTTTTAGAGCTAGAAATAGCAAGTTAAAATAAGGCTAGTCCGTTATCAACTT
HGLibB_21854	TTGTGGAAAGGACGAAACACCGGTGAACTGTGAACAGAAGCAGTTTTAGAGCTAGAAATAGCAAGTTAAAATAAGGCTAGTCCGTTATCAACTT
HGLibB_34512	TTGTGGAAAGGACGAAACACCGTTGTAACCCTCTATTGTATAGTTTTAGAGCTAGAAATAGCAAGTTAAAATAAGGCTAGTCCGTTATCAACTT
HGLibB_34510	TTGTGGAAAGGACGAAACACCGGGCTCACATCAATTGCACCCGTTTTAGAGCTAGAAATAGCAAGTTAAAATAAGGCTAGTCCGTTATCAACTT
HGLibB_34511	TTGTGGAAAGGACGAAACACCGTTTGATCCTACTCATTAGAGGTTTTAGAGCTAGAAATAGCAAGTTAAAATAAGGCTAGTCCGTTATCAACTT
HGLibA_57372	TTGTGGAAAGGACGAAACACCGTTTGTATGAGATGGTTAAAAGTTTTAGAGCTAGAAATAGCAAGTTAAAATAAGGCTAGTCCGTTATCAACTT
HGLibA_57370	TTGTGGAAAGGACGAAACACCGTACATACACAAAAAAGTTACGTTTTAGAGCTAGAAATAGCAAGTTAAAATAAGGCTAGTCCGTTATCAACTT
HGLibA_57371	TTGTGGAAAGGACGAAACACCGTTAGCTGTACTATAAGTAGTGTTTTAGAGCTAGAAATAGCAAGTTAAAATAAGGCTAGTCCGTTATCAACTT
HGLibB_43496	TTGTGGAAAGGACGAAACACCGAAAATCAACAGATTCCACACGTTTTAGAGCTAGAAATAGCAAGTTAAAATAAGGCTAGTCCGTTATCAACTT
HGLibA_43551	TTGTGGAAAGGACGAAACACCGTTGCTGCCAATATTACCTTCGTTTTAGAGCTAGAAATAGCAAGTTAAAATAAGGCTAGTCCGTTATCAACTT
HGLibA_43549	TTGTGGAAAGGACGAAACACCGTGCGTTCACAAGAACCAATGGTTTTAGAGCTAGAAATAGCAAGTTAAAATAAGGCTAGTCCGTTATCAACTT
HGLibA_33949	TTGTGGAAAGGACGAAACACCGCATAACCCCTAGAATGATTGGTTTTAGAGCTAGAAATAGCAAGTTAAAATAAGGCTAGTCCGTTATCAACTT
HGLibA_33951	TTGTGGAAAGGACGAAACACCGTTCTTCAGCGTGTAAATCACGTTTTAGAGCTAGAAATAGCAAGTTAAAATAAGGCTAGTCCGTTATCAACTT
HGLibA_33950	TTGTGGAAAGGACGAAACACCGCCTTGCAACCGTATTCCCCAGTTTTAGAGCTAGAAATAGCAAGTTAAAATAAGGCTAGTCCGTTATCAACTT
HGLibB_46881	TTGTGGAAAGGACGAAACACCGAAGGAAGCAGAGATGCTAATGTTTTAGAGCTAGAAATAGCAAGTTAAAATAAGGCTAGTCCGTTATCAACTT
HGLibB_46880	TTGTGGAAAGGACGAAACACCGCCCACTCCACTGCCCTTTCAGTTTTAGAGCTAGAAATAGCAAGTTAAAATAAGGCTAGTCCGTTATCAACTT
HGLibA_46936	TTGTGGAAAGGACGAAACACCGCAGCTGGCGACACACTACGTGTTTTAGAGCTAGAAATAGCAAGTTAAAATAAGGCTAGTCCGTTATCAACTT
HGLibA_17352	TTGTGGAAAGGACGAAACACCGGCACCATTCCTTAAGATGTAGTTTTAGAGCTAGAAATAGCAAGTTAAAATAAGGCTAGTCCGTTATCAACTT
HGLibB_17328	TTGTGGAAAGGACGAAACACCGTAAATTCCTCTTGCCAGAGCGTTTTAGAGCTAGAAATAGCAAGTTAAAATAAGGCTAGTCCGTTATCAACTT
HGLibA_17351	TTGTGGAAAGGACGAAACACCGGCCATTCTAATAGTGCAATAGTTTTAGAGCTAGAAATAGCAAGTTAAAATAAGGCTAGTCCGTTATCAACTT
HGLibB_11561	TTGTGGAAAGGACGAAACACCGAGCAGAAGAAGCACGAAGTTGTTTTAGAGCTAGAAATAGCAAGTTAAAATAAGGCTAGTCCGTTATCAACTT
HGLibB_11560	TTGTGGAAAGGACGAAACACCGTAAATTACCAAGATCATCTTGTTTTAGAGCTAGAAATAGCAAGTTAAAATAAGGCTAGTCCGTTATCAACTT
HGLibB_11562	TTGTGGAAAGGACGAAACACCGCTACTGGATTCCATTTCTGAGTTTTAGAGCTAGAAATAGCAAGTTAAAATAAGGCTAGTCCGTTATCAACTT
HGLibA_54435	TTGTGGAAAGGACGAAACACCGCGTTGTAGAACGCCTTCCCAGTTTTAGAGCTAGAAATAGCAAGTTAAAATAAGGCTAGTCCGTTATCAACTT
HGLibA_54436	TTGTGGAAAGGACGAAACACCGTTACCTACCACACGAGTCGCGTTTTAGAGCTAGAAATAGCAAGTTAAAATAAGGCTAGTCCGTTATCAACTT
HGLibB_54370	TTGTGGAAAGGACGAAACACCGCGTGTGTGGACATCTCATCAGTTTTAGAGCTAGAAATAGCAAGTTAAAATAAGGCTAGTCCGTTATCAACTT
HGLibB_55619	TTGTGGAAAGGACGAAACACCGCAGAGACTCTATAACACACGGTTTTAGAGCTAGAAATAGCAAGTTAAAATAAGGCTAGTCCGTTATCAACTT
HGLibB_55621	TTGTGGAAAGGACGAAACACCGGCCTGACTTAATCTTCAAGTGTTTTAGAGCTAGAAATAGCAAGTTAAAATAAGGCTAGTCCGTTATCAACTT
HGLibB_55620	TTGTGGAAAGGACGAAACACCGATATATCTATGGAGTTCACCGTTTTAGAGCTAGAAATAGCAAGTTAAAATAAGGCTAGTCCGTTATCAACTT
HGLibA_23230	TTGTGGAAAGGACGAAACACCGTCAGTGTTCTGGACCATCAAGTTTTAGAGCTAGAAATAGCAAGTTAAAATAAGGCTAGTCCGTTATCAACTT
HGLibA_23228	TTGTGGAAAGGACGAAACACCGTGCTATGGACCTATTCCATAGTTTTAGAGCTAGAAATAGCAAGTTAAAATAAGGCTAGTCCGTTATCAACTT
HGLibA_23229	TTGTGGAAAGGACGAAACACCGAAGAGGACGAATCTTCTTTAGTTTTAGAGCTAGAAATAGCAAGTTAAAATAAGGCTAGTCCGTTATCAACTT
HGLibA_61075	TTGTGGAAAGGACGAAACACCGACATACTATGATGTTTACTAGTTTTAGAGCTAGAAATAGCAAGTTAAAATAAGGCTAGTCCGTTATCAACTT
HGLibA_61072	TTGTGGAAAGGACGAAACACCGCTATGATGTTTACTATGGCCGTTTTAGAGCTAGAAATAGCAAGTTAAAATAAGGCTAGTCCGTTATCAACTT
HGLibA_61073	TTGTGGAAAGGACGAAACACCGTCATAGTATGTCTAGTCTTTGTTTTAGAGCTAGAAATAGCAAGTTAAAATAAGGCTAGTCCGTTATCAACTT
HGLibB_20379	TTGTGGAAAGGACGAAACACCGGTCCTCCATGTGTAGCTCCCGTTTTAGAGCTAGAAATAGCAAGTTAAAATAAGGCTAGTCCGTTATCAACTT
HGLibB_20380	TTGTGGAAAGGACGAAACACCGGGGGACCCTTCCTCTGTTGAGTTTTAGAGCTAGAAATAGCAAGTTAAAATAAGGCTAGTCCGTTATCAACTT
HGLibA_20408	TTGTGGAAAGGACGAAACACCGTACGAGAGAAAACCTGTATCGTTTTAGAGCTAGAAATAGCAAGTTAAAATAAGGCTAGTCCGTTATCAACTT
HGLibB_28701	TTGTGGAAAGGACGAAACACCGACAGGTCATCTTAATGAGCCGTTTTAGAGCTAGAAATAGCAAGTTAAAATAAGGCTAGTCCGTTATCAACTT
HGLibA_28741	TTGTGGAAAGGACGAAACACCGAGGATTGAAGCTGACGTTCTGTTTTAGAGCTAGAAATAGCAAGTTAAAATAAGGCTAGTCCGTTATCAACTT
HGLibB_28702	TTGTGGAAAGGACGAAACACCGCGTCAGCTTCAATCCTGCCAGTTTTAGAGCTAGAAATAGCAAGTTAAAATAAGGCTAGTCCGTTATCAACTT
HGLibB_49671	TTGTGGAAAGGACGAAACACCGAATAGTATTCATAAGGTAGCGTTTTAGAGCTAGAAATAGCAAGTTAAAATAAGGCTAGTCCGTTATCAACTT
HGLibA_49731	TTGTGGAAAGGACGAAACACCGCGCGACCCCAGGCACATAGAGTTTTAGAGCTAGAAATAGCAAGTTAAAATAAGGCTAGTCCGTTATCAACTT
HGLibA_49729	TTGTGGAAAGGACGAAACACCGGAACGATCCCGTAGAAATCAGTTTTAGAGCTAGAAATAGCAAGTTAAAATAAGGCTAGTCCGTTATCAACTT
HGLibA_40727	TTGTGGAAAGGACGAAACACCGCAGAAAATGATGTACTGCCAGTTTTAGAGCTAGAAATAGCAAGTTAAAATAAGGCTAGTCCGTTATCAACTT
HGLibB_40676	TTGTGGAAAGGACGAAACACCGAGTTGTCTTTGTTCAGTCACGTTTTAGAGCTAGAAATAGCAAGTTAAAATAAGGCTAGTCCGTTATCAACTT
HGLibB_40677	TTGTGGAAAGGACGAAACACCGTTGTAAGTAACTTAACTAGAGTTTTAGAGCTAGAAATAGCAAGTTAAAATAAGGCTAGTCCGTTATCAACTT
HGLibB_51501	TTGTGGAAAGGACGAAACACCGGCAAAAACGGCAGACAGGACGTTTTAGAGCTAGAAATAGCAAGTTAAAATAAGGCTAGTCCGTTATCAACTT
HGLibA_51564	TTGTGGAAAGGACGAAACACCGTAGGGCAAATGTAGTGCTTCGTTTTAGAGCTAGAAATAGCAAGTTAAAATAAGGCTAGTCCGTTATCAACTT
HGLibB_51500	TTGTGGAAAGGACGAAACACCGTTGCTAAACAACTCCAGATTGTTTTAGAGCTAGAAATAGCAAGTTAAAATAAGGCTAGTCCGTTATCAACTT
HGLibA_52101	TTGTGGAAAGGACGAAACACCGCACTTAGGGCCTACACACCTGTTTTAGAGCTAGAAATAGCAAGTTAAAATAAGGCTAGTCCGTTATCAACTT
HGLibA_52103	TTGTGGAAAGGACGAAACACCGTACTACTTCACTTAACTTTGGTTTTAGAGCTAGAAATAGCAAGTTAAAATAAGGCTAGTCCGTTATCAACTT
HGLibA_52102	TTGTGGAAAGGACGAAACACCGTATAGGTCGAACAGCAAATAGTTTTAGAGCTAGAAATAGCAAGTTAAAATAAGGCTAGTCCGTTATCAACTT
HGLibA_62381	TTGTGGAAAGGACGAAACACCGTTATGTCGCTTGTCAGGGTGGTTTTAGAGCTAGAAATAGCAAGTTAAAATAAGGCTAGTCCGTTATCAACTT
HGLibA_62383	TTGTGGAAAGGACGAAACACCGGAAGTGATGTGTAACTGATCGTTTTAGAGCTAGAAATAGCAAGTTAAAATAAGGCTAGTCCGTTATCAACTT
HGLibA_62384	TTGTGGAAAGGACGAAACACCGGATCAGTTACACATCACTTCGTTTTAGAGCTAGAAATAGCAAGTTAAAATAAGGCTAGTCCGTTATCAACTT
HGLibA_38101	TTGTGGAAAGGACGAAACACCGGTGTCCTTCACGTACTGACAGTTTTAGAGCTAGAAATAGCAAGTTAAAATAAGGCTAGTCCGTTATCAACTT
HGLibB_38052	TTGTGGAAAGGACGAAACACCGCGAGTACAGATACAACTGCAGTTTTAGAGCTAGAAATAGCAAGTTAAAATAAGGCTAGTCCGTTATCAACTT
HGLibA_38100	TTGTGGAAAGGACGAAACACCGACACTTATGCCGGTTCAGACGTTTTAGAGCTAGAAATAGCAAGTTAAAATAAGGCTAGTCCGTTATCAACTT
HGLibA_43599	TTGTGGAAAGGACGAAACACCGGGAACTGGAAGTCGCAGTTTGTTTTAGAGCTAGAAATAGCAAGTTAAAATAAGGCTAGTCCGTTATCAACTT
HGLibB_43546	TTGTGGAAAGGACGAAACACCGGTAGATACCACCAGCTTCATGTTTTAGAGCTAGAAATAGCAAGTTAAAATAAGGCTAGTCCGTTATCAACTT
HGLibB_43545	TTGTGGAAAGGACGAAACACCGGAAAGAAATCCGCCACTCAAGTTTTAGAGCTAGAAATAGCAAGTTAAAATAAGGCTAGTCCGTTATCAACTT
HGLibA_23631	TTGTGGAAAGGACGAAACACCGTACTACACGTCGCCCTTCTAGTTTTAGAGCTAGAAATAGCAAGTTAAAATAAGGCTAGTCCGTTATCAACTT
HGLibB_23599	TTGTGGAAAGGACGAAACACCGCTCTACTCGTGCCCGGCCTAGTTTTAGAGCTAGAAATAGCAAGTTAAAATAAGGCTAGTCCGTTATCAACTT
HGLibB_23598	TTGTGGAAAGGACGAAACACCGCGCCCGGTTACCATGTAGGAGTTTTAGAGCTAGAAATAGCAAGTTAAAATAAGGCTAGTCCGTTATCAACTT
HGLibA_21140	TTGTGGAAAGGACGAAACACCGGACCCCAAGTGTGTCACCGAGTTTTAGAGCTAGAAATAGCAAGTTAAAATAAGGCTAGTCCGTTATCAACTT
HGLibB_21112	TTGTGGAAAGGACGAAACACCGACAGTTATCATCACTTCCGTGTTTTAGAGCTAGAAATAGCAAGTTAAAATAAGGCTAGTCCGTTATCAACTT
HGLibB_21114	TTGTGGAAAGGACGAAACACCGTCATATTGCTCCAGTAACCAGTTTTAGAGCTAGAAATAGCAAGTTAAAATAAGGCTAGTCCGTTATCAACTT
HGLibB_27632	TTGTGGAAAGGACGAAACACCGGACACTGGCACACACCGTGTGTTTTAGAGCTAGAAATAGCAAGTTAAAATAAGGCTAGTCCGTTATCAACTT
HGLibB_27633	TTGTGGAAAGGACGAAACACCGCACCGGGCGCCGAGCACAGCGTTTTAGAGCTAGAAATAGCAAGTTAAAATAAGGCTAGTCCGTTATCAACTT
HGLibA_27675	TTGTGGAAAGGACGAAACACCGGTGTCGCTTAACGAAGTCACGTTTTAGAGCTAGAAATAGCAAGTTAAAATAAGGCTAGTCCGTTATCAACTT
HGLibB_06954	TTGTGGAAAGGACGAAACACCGAAAATCTACATTACCTTAACGTTTTAGAGCTAGAAATAGCAAGTTAAAATAAGGCTAGTCCGTTATCAACTT
HGLibA_06959	TTGTGGAAAGGACGAAACACCGCACCGTATAGCCCGTTGTAAGTTTTAGAGCTAGAAATAGCAAGTTAAAATAAGGCTAGTCCGTTATCAACTT
HGLibB_06955	TTGTGGAAAGGACGAAACACCGTGAACTGCCTTCCACAGAGAGTTTTAGAGCTAGAAATAGCAAGTTAAAATAAGGCTAGTCCGTTATCAACTT
HGLibB_17395	TTGTGGAAAGGACGAAACACCGCTGATGCATATGTGTTGTAAGTTTTAGAGCTAGAAATAGCAAGTTAAAATAAGGCTAGTCCGTTATCAACTT
HGLibA_17416	TTGTGGAAAGGACGAAACACCGTAACTTCTTGTGTGTCGCTCGTTTTAGAGCTAGAAATAGCAAGTTAAAATAAGGCTAGTCCGTTATCAACTT
HGLibB_17393	TTGTGGAAAGGACGAAACACCGGTTGGAATTGTGGCAATCAAGTTTTAGAGCTAGAAATAGCAAGTTAAAATAAGGCTAGTCCGTTATCAACTT
HGLibB_48356	TTGTGGAAAGGACGAAACACCGACTCCAAACTGACATGATTAGTTTTAGAGCTAGAAATAGCAAGTTAAAATAAGGCTAGTCCGTTATCAACTT
HGLibB_48355	TTGTGGAAAGGACGAAACACCGTGAAGGGAACTAAGTTTGCTGTTTTAGAGCTAGAAATAGCAAGTTAAAATAAGGCTAGTCCGTTATCAACTT
HGLibA_48414	TTGTGGAAAGGACGAAACACCGTGTCCATAATCATGTCAGTTGTTTTAGAGCTAGAAATAGCAAGTTAAAATAAGGCTAGTCCGTTATCAACTT
HGLibA_52081	TTGTGGAAAGGACGAAACACCGGCTCTGGCCAACCTAGCTTAGTTTTAGAGCTAGAAATAGCAAGTTAAAATAAGGCTAGTCCGTTATCAACTT
HGLibB_52015	TTGTGGAAAGGACGAAACACCGATCTGACGTCCTATCACCCTGTTTTAGAGCTAGAAATAGCAAGTTAAAATAAGGCTAGTCCGTTATCAACTT
HGLibA_52082	TTGTGGAAAGGACGAAACACCGGTGTCAAGTAGCCATAAGCTGTTTTAGAGCTAGAAATAGCAAGTTAAAATAAGGCTAGTCCGTTATCAACTT
HGLibA_02179	TTGTGGAAAGGACGAAACACCGCATCATCTGAAGTACTAGTCGTTTTAGAGCTAGAAATAGCAAGTTAAAATAAGGCTAGTCCGTTATCAACTT
HGLibA_02180	TTGTGGAAAGGACGAAACACCGAGAGAATCGTCATCTTTGCAGTTTTAGAGCTAGAAATAGCAAGTTAAAATAAGGCTAGTCCGTTATCAACTT
HGLibA_02181	TTGTGGAAAGGACGAAACACCGATCACCTGGGTGGAAGACTTGTTTTAGAGCTAGAAATAGCAAGTTAAAATAAGGCTAGTCCGTTATCAACTT
HGLibB_31038	TTGTGGAAAGGACGAAACACCGATTTCCTAAACATCCACCACGTTTTAGAGCTAGAAATAGCAAGTTAAAATAAGGCTAGTCCGTTATCAACTT
HGLibA_31082	TTGTGGAAAGGACGAAACACCGTACTTACTTGGGGAACCATTGTTTTAGAGCTAGAAATAGCAAGTTAAAATAAGGCTAGTCCGTTATCAACTT
HGLibA_31080	TTGTGGAAAGGACGAAACACCGACATTGCCAAGTACGACATAGTTTTAGAGCTAGAAATAGCAAGTTAAAATAAGGCTAGTCCGTTATCAACTT
HGLibA_27620	TTGTGGAAAGGACGAAACACCGCCGATCACATTCAGCAATAAGTTTTAGAGCTAGAAATAGCAAGTTAAAATAAGGCTAGTCCGTTATCAACTT
HGLibB_27581	TTGTGGAAAGGACGAAACACCGTTGCAATCTCATAATCTGCTGTTTTAGAGCTAGAAATAGCAAGTTAAAATAAGGCTAGTCCGTTATCAACTT
HGLibA_27619	TTGTGGAAAGGACGAAACACCGATGTACCAAAATCCACGACTGTTTTAGAGCTAGAAATAGCAAGTTAAAATAAGGCTAGTCCGTTATCAACTT
HGLibB_33831	TTGTGGAAAGGACGAAACACCGATATGAGACCCAAATCCCATGTTTTAGAGCTAGAAATAGCAAGTTAAAATAAGGCTAGTCCGTTATCAACTT
HGLibB_33829	TTGTGGAAAGGACGAAACACCGTGAAGGGAGCCCTGAAACGGGTTTTAGAGCTAGAAATAGCAAGTTAAAATAAGGCTAGTCCGTTATCAACTT
HGLibA_33875	TTGTGGAAAGGACGAAACACCGTGAGGATGACCATGTCGTGTGTTTTAGAGCTAGAAATAGCAAGTTAAAATAAGGCTAGTCCGTTATCAACTT
HGLibA_36792	TTGTGGAAAGGACGAAACACCGTAATAGGCAGTTCCGTAATTGTTTTAGAGCTAGAAATAGCAAGTTAAAATAAGGCTAGTCCGTTATCAACTT
HGLibA_36791	TTGTGGAAAGGACGAAACACCGCCTACATGTAGTCCCGAAGTGTTTTAGAGCTAGAAATAGCAAGTTAAAATAAGGCTAGTCCGTTATCAACTT
HGLibB_36745	TTGTGGAAAGGACGAAACACCGTCTATCAGGTAGGGGTTCTCGTTTTAGAGCTAGAAATAGCAAGTTAAAATAAGGCTAGTCCGTTATCAACTT
HGLibA_27615	TTGTGGAAAGGACGAAACACCGCCAACTGTTTCTTTACTTTAGTTTTAGAGCTAGAAATAGCAAGTTAAAATAAGGCTAGTCCGTTATCAACTT
HGLibB_27573	TTGTGGAAAGGACGAAACACCGTGTGTCTCTCTCTGTACACAGTTTTAGAGCTAGAAATAGCAAGTTAAAATAAGGCTAGTCCGTTATCAACTT
HGLibA_27614	TTGTGGAAAGGACGAAACACCGAAAGTTTCCGCAGCACCATTGTTTTAGAGCTAGAAATAGCAAGTTAAAATAAGGCTAGTCCGTTATCAACTT
HGLibB_31635	TTGTGGAAAGGACGAAACACCGACAGTTTCCTGAACCTGCACGTTTTAGAGCTAGAAATAGCAAGTTAAAATAAGGCTAGTCCGTTATCAACTT
HGLibB_31633	TTGTGGAAAGGACGAAACACCGTTCAGGTGTTGAGCCAGTGCGTTTTAGAGCTAGAAATAGCAAGTTAAAATAAGGCTAGTCCGTTATCAACTT
HGLibA_31678	TTGTGGAAAGGACGAAACACCGCTGTGAACCTGCTGGCCGAGGTTTTAGAGCTAGAAATAGCAAGTTAAAATAAGGCTAGTCCGTTATCAACTT
HGLibA_52442	TTGTGGAAAGGACGAAACACCGTGCTATATACCTGGTAGATGGTTTTAGAGCTAGAAATAGCAAGTTAAAATAAGGCTAGTCCGTTATCAACTT
HGLibB_52375	TTGTGGAAAGGACGAAACACCGGCCCAAGCTGACTAGCAAAAGTTTTAGAGCTAGAAATAGCAAGTTAAAATAAGGCTAGTCCGTTATCAACTT
HGLibB_52377	TTGTGGAAAGGACGAAACACCGCAGCATATGAAAGTGGATTAGTTTTAGAGCTAGAAATAGCAAGTTAAAATAAGGCTAGTCCGTTATCAACTT
HGLibA_21455	TTGTGGAAAGGACGAAACACCGCAAGGCGCCACGCAAACAGTGTTTTAGAGCTAGAAATAGCAAGTTAAAATAAGGCTAGTCCGTTATCAACTT
HGLibA_21457	TTGTGGAAAGGACGAAACACCGTAAACTACCTTTCCAGCGCCGTTTTAGAGCTAGAAATAGCAAGTTAAAATAAGGCTAGTCCGTTATCAACTT
HGLibA_21456	TTGTGGAAAGGACGAAACACCGGTAATCACGCCCTCTCTCCGGTTTTAGAGCTAGAAATAGCAAGTTAAAATAAGGCTAGTCCGTTATCAACTT
HGLibA_29930	TTGTGGAAAGGACGAAACACCGGAGACCATAACGTGGAATTCGTTTTAGAGCTAGAAATAGCAAGTTAAAATAAGGCTAGTCCGTTATCAACTT
HGLibB_29888	TTGTGGAAAGGACGAAACACCGGTTTATCCTCCACAACTGCCGTTTTAGAGCTAGAAATAGCAAGTTAAAATAAGGCTAGTCCGTTATCAACTT
HGLibA_29931	TTGTGGAAAGGACGAAACACCGCGTTATGGATACATAACCTGGTTTTAGAGCTAGAAATAGCAAGTTAAAATAAGGCTAGTCCGTTATCAACTT
HGLibA_03264	TTGTGGAAAGGACGAAACACCGCAGCAAAGATCTTCTACTCTGTTTTAGAGCTAGAAATAGCAAGTTAAAATAAGGCTAGTCCGTTATCAACTT
HGLibB_03260	TTGTGGAAAGGACGAAACACCGTGAATAGTTGGAACTGATAAGTTTTAGAGCTAGAAATAGCAAGTTAAAATAAGGCTAGTCCGTTATCAACTT
HGLibA_03262	TTGTGGAAAGGACGAAACACCGCTTTGTATCCGCAATTCCTTGTTTTAGAGCTAGAAATAGCAAGTTAAAATAAGGCTAGTCCGTTATCAACTT
HGLibA_26588	TTGTGGAAAGGACGAAACACCGACGCCTTCGGGGTGTCACCCGTTTTAGAGCTAGAAATAGCAAGTTAAAATAAGGCTAGTCCGTTATCAACTT
HGLibA_26589	TTGTGGAAAGGACGAAACACCGTCGTCTAAAGCTGGTCCCTTGTTTTAGAGCTAGAAATAGCAAGTTAAAATAAGGCTAGTCCGTTATCAACTT
HGLibB_26552	TTGTGGAAAGGACGAAACACCGATGTGAGGTTGAGACCGTAGGTTTTAGAGCTAGAAATAGCAAGTTAAAATAAGGCTAGTCCGTTATCAACTT
HGLibA_33829	TTGTGGAAAGGACGAAACACCGATATTCCTTATTGCCGATCCGTTTTAGAGCTAGAAATAGCAAGTTAAAATAAGGCTAGTCCGTTATCAACTT
HGLibB_33786	TTGTGGAAAGGACGAAACACCGTGAGGGAGAGCTGACTCAGTGTTTTAGAGCTAGAAATAGCAAGTTAAAATAAGGCTAGTCCGTTATCAACTT
HGLibA_33830	TTGTGGAAAGGACGAAACACCGAGCAAAGAGAACCTGGCCATGTTTTAGAGCTAGAAATAGCAAGTTAAAATAAGGCTAGTCCGTTATCAACTT
HGLibB_48424	TTGTGGAAAGGACGAAACACCGACTTCAGAATGAAACTGCAGGTTTTAGAGCTAGAAATAGCAAGTTAAAATAAGGCTAGTCCGTTATCAACTT
HGLibA_48482	TTGTGGAAAGGACGAAACACCGTTCCTGAAATCAAGCCGTCTGTTTTAGAGCTAGAAATAGCAAGTTAAAATAAGGCTAGTCCGTTATCAACTT
HGLibB_48422	TTGTGGAAAGGACGAAACACCGGACCAAGACGGCTTGATTTCGTTTTAGAGCTAGAAATAGCAAGTTAAAATAAGGCTAGTCCGTTATCAACTT
HGLibB_16636	TTGTGGAAAGGACGAAACACCGGAAGTCCCTCTGACTTCTCCGTTTTAGAGCTAGAAATAGCAAGTTAAAATAAGGCTAGTCCGTTATCAACTT
HGLibB_16637	TTGTGGAAAGGACGAAACACCGTGAACATCCTCTTTCTTCAGGTTTTAGAGCTAGAAATAGCAAGTTAAAATAAGGCTAGTCCGTTATCAACTT
HGLibA_16660	TTGTGGAAAGGACGAAACACCGGGTGAAGCTCCCCCCGCAGAGTTTTAGAGCTAGAAATAGCAAGTTAAAATAAGGCTAGTCCGTTATCAACTT
HGLibB_42652	TTGTGGAAAGGACGAAACACCGCGTTCACTTATCTGCAGCTCGTTTTAGAGCTAGAAATAGCAAGTTAAAATAAGGCTAGTCCGTTATCAACTT
HGLibA_42705	TTGTGGAAAGGACGAAACACCGTGCAGGGTGGGGTATCTAGCGTTTTAGAGCTAGAAATAGCAAGTTAAAATAAGGCTAGTCCGTTATCAACTT
HGLibA_42703	TTGTGGAAAGGACGAAACACCGGCTTAGTTATATCCAGCGATGTTTTAGAGCTAGAAATAGCAAGTTAAAATAAGGCTAGTCCGTTATCAACTT
HGLibB_37024	TTGTGGAAAGGACGAAACACCGTTACATCTGTCTCCAAGCTTGTTTTAGAGCTAGAAATAGCAAGTTAAAATAAGGCTAGTCCGTTATCAACTT
HGLibA_37072	TTGTGGAAAGGACGAAACACCGCCCACAACCGACCTCCACTCGTTTTAGAGCTAGAAATAGCAAGTTAAAATAAGGCTAGTCCGTTATCAACTT
HGLibA_37070	TTGTGGAAAGGACGAAACACCGCCTGGGTCTACCACGACCTCGTTTTAGAGCTAGAAATAGCAAGTTAAAATAAGGCTAGTCCGTTATCAACTT
HGLibB_36541	TTGTGGAAAGGACGAAACACCGTTCAGAGAGCCGAGTCTATGGTTTTAGAGCTAGAAATAGCAAGTTAAAATAAGGCTAGTCCGTTATCAACTT
HGLibA_36587	TTGTGGAAAGGACGAAACACCGGAGCTCAGTAATGTCCTCTCGTTTTAGAGCTAGAAATAGCAAGTTAAAATAAGGCTAGTCCGTTATCAACTT
HGLibA_36588	TTGTGGAAAGGACGAAACACCGGCACCGAAAACCTCACCCCCGTTTTAGAGCTAGAAATAGCAAGTTAAAATAAGGCTAGTCCGTTATCAACTT
HGLibA_01654	TTGTGGAAAGGACGAAACACCGGCCCGTCGAGCAGTGCAACCGTTTTAGAGCTAGAAATAGCAAGTTAAAATAAGGCTAGTCCGTTATCAACTT
HGLibB_01652	TTGTGGAAAGGACGAAACACCGTTCATTTACTGCTCCGACACGTTTTAGAGCTAGAAATAGCAAGTTAAAATAAGGCTAGTCCGTTATCAACTT
HGLibA_01655	TTGTGGAAAGGACGAAACACCGCGGTTCACACGGGTCTTCCCGTTTTAGAGCTAGAAATAGCAAGTTAAAATAAGGCTAGTCCGTTATCAACTT
HGLibB_18059	TTGTGGAAAGGACGAAACACCGGGAAAACTTTGCAAATCATTGTTTTAGAGCTAGAAATAGCAAGTTAAAATAAGGCTAGTCCGTTATCAACTT
HGLibA_18082	TTGTGGAAAGGACGAAACACCGACGGCCGTGTGTGTACCTATGTTTTAGAGCTAGAAATAGCAAGTTAAAATAAGGCTAGTCCGTTATCAACTT
HGLibB_18060	TTGTGGAAAGGACGAAACACCGTCACAAAAACATGTACAAATGTTTTAGAGCTAGAAATAGCAAGTTAAAATAAGGCTAGTCCGTTATCAACTT
HGLibA_24675	TTGTGGAAAGGACGAAACACCGATCCCACTCCGAGACTACTAGTTTTAGAGCTAGAAATAGCAAGTTAAAATAAGGCTAGTCCGTTATCAACTT
HGLibB_24642	TTGTGGAAAGGACGAAACACCGGAAGACTTCTCAGCCTGTTAGTTTTAGAGCTAGAAATAGCAAGTTAAAATAAGGCTAGTCCGTTATCAACTT
HGLibA_24676	TTGTGGAAAGGACGAAACACCGGAGCTCAACCATAGTAGTCTGTTTTAGAGCTAGAAATAGCAAGTTAAAATAAGGCTAGTCCGTTATCAACTT
HGLibA_09796	TTGTGGAAAGGACGAAACACCGGGCGCCGAGTTTGACTAGTTGTTTTAGAGCTAGAAATAGCAAGTTAAAATAAGGCTAGTCCGTTATCAACTT
HGLibB_09786	TTGTGGAAAGGACGAAACACCGTAACTTACCCATTGCTACATGTTTTAGAGCTAGAAATAGCAAGTTAAAATAAGGCTAGTCCGTTATCAACTT
HGLibA_09795	TTGTGGAAAGGACGAAACACCGAAGACAGTCGACGCGCTCACGTTTTAGAGCTAGAAATAGCAAGTTAAAATAAGGCTAGTCCGTTATCAACTT
HGLibB_05186	TTGTGGAAAGGACGAAACACCGCATGTCAGAAGTGCTTCTCTGTTTTAGAGCTAGAAATAGCAAGTTAAAATAAGGCTAGTCCGTTATCAACTT
HGLibA_05189	TTGTGGAAAGGACGAAACACCGTCTTCAAGTCTGAGTAACGAGTTTTAGAGCTAGAAATAGCAAGTTAAAATAAGGCTAGTCCGTTATCAACTT
HGLibB_05187	TTGTGGAAAGGACGAAACACCGTCACCAGTAGAGCCACATTTGTTTTAGAGCTAGAAATAGCAAGTTAAAATAAGGCTAGTCCGTTATCAACTT
HGLibB_31118	TTGTGGAAAGGACGAAACACCGAGCAGCTGTCAATGCATTCCGTTTTAGAGCTAGAAATAGCAAGTTAAAATAAGGCTAGTCCGTTATCAACTT
HGLibB_31119	TTGTGGAAAGGACGAAACACCGTGATTCAGTCCTTGAAAACAGTTTTAGAGCTAGAAATAGCAAGTTAAAATAAGGCTAGTCCGTTATCAACTT
HGLibA_31162	TTGTGGAAAGGACGAAACACCGCTTTGTAGAGGTAAGAAGTAGTTTTAGAGCTAGAAATAGCAAGTTAAAATAAGGCTAGTCCGTTATCAACTT
HGLibA_47950	TTGTGGAAAGGACGAAACACCGATGAGATCGTACATCTCTCTGTTTTAGAGCTAGAAATAGCAAGTTAAAATAAGGCTAGTCCGTTATCAACTT
HGLibB_47890	TTGTGGAAAGGACGAAACACCGCATTTGTCTTTGATCCTATCGTTTTAGAGCTAGAAATAGCAAGTTAAAATAAGGCTAGTCCGTTATCAACTT
HGLibB_47889	TTGTGGAAAGGACGAAACACCGCGCATCGACAAAGACAAGACGTTTTAGAGCTAGAAATAGCAAGTTAAAATAAGGCTAGTCCGTTATCAACTT
HGLibA_13918	TTGTGGAAAGGACGAAACACCGTGTCCCTCCAGCATCTGCTCGTTTTAGAGCTAGAAATAGCAAGTTAAAATAAGGCTAGTCCGTTATCAACTT
HGLibA_13916	TTGTGGAAAGGACGAAACACCGGTGAGACCGTACTCAGAGTGGTTTTAGAGCTAGAAATAGCAAGTTAAAATAAGGCTAGTCCGTTATCAACTT
HGLibB_13894	TTGTGGAAAGGACGAAACACCGTTGCTGTGCTTGCAAAGGAAGTTTTAGAGCTAGAAATAGCAAGTTAAAATAAGGCTAGTCCGTTATCAACTT
HGLibA_25767	TTGTGGAAAGGACGAAACACCGAGAGCTGACAGAGCCACAACGTTTTAGAGCTAGAAATAGCAAGTTAAAATAAGGCTAGTCCGTTATCAACTT
HGLibA_25766	TTGTGGAAAGGACGAAACACCGAAGGAGACATTAGCAGCAAGGTTTTAGAGCTAGAAATAGCAAGTTAAAATAAGGCTAGTCCGTTATCAACTT
HGLibB_25730	TTGTGGAAAGGACGAAACACCGGCAGCTGGATTCACAGCAATGTTTTAGAGCTAGAAATAGCAAGTTAAAATAAGGCTAGTCCGTTATCAACTT
HGLibB_40378	TTGTGGAAAGGACGAAACACCGAACCCAGACTTGCGTCTCCGGTTTTAGAGCTAGAAATAGCAAGTTAAAATAAGGCTAGTCCGTTATCAACTT
HGLibB_40376	TTGTGGAAAGGACGAAACACCGCTACTCCATGAGTCTCTGTTGTTTTAGAGCTAGAAATAGCAAGTTAAAATAAGGCTAGTCCGTTATCAACTT
HGLibA_40429	TTGTGGAAAGGACGAAACACCGCAGTGTGAGCATCAACTGAGGTTTTAGAGCTAGAAATAGCAAGTTAAAATAAGGCTAGTCCGTTATCAACTT
HGLibA_08231	TTGTGGAAAGGACGAAACACCGTTTGTTGTGACAACCACTGTGTTTTAGAGCTAGAAATAGCAAGTTAAAATAAGGCTAGTCCGTTATCAACTT
HGLibB_08224	TTGTGGAAAGGACGAAACACCGGACATACTATCAATCATTTCGTTTTAGAGCTAGAAATAGCAAGTTAAAATAAGGCTAGTCCGTTATCAACTT
HGLibB_08223	TTGTGGAAAGGACGAAACACCGCTATCTTCCCATCCAATACTGTTTTAGAGCTAGAAATAGCAAGTTAAAATAAGGCTAGTCCGTTATCAACTT
HGLibB_51197	TTGTGGAAAGGACGAAACACCGGTATATTGCAGCAATGCTCCGTTTTAGAGCTAGAAATAGCAAGTTAAAATAAGGCTAGTCCGTTATCAACTT
HGLibB_51198	TTGTGGAAAGGACGAAACACCGAATCTGCCCTGTAGATAAAGGTTTTAGAGCTAGAAATAGCAAGTTAAAATAAGGCTAGTCCGTTATCAACTT
HGLibB_51199	TTGTGGAAAGGACGAAACACCGTTGATGACCTCTTTATCTACGTTTTAGAGCTAGAAATAGCAAGTTAAAATAAGGCTAGTCCGTTATCAACTT
HGLibB_31632	TTGTGGAAAGGACGAAACACCGACTCCTGAAGCAGTACATCCGTTTTAGAGCTAGAAATAGCAAGTTAAAATAAGGCTAGTCCGTTATCAACTT
HGLibB_31630	TTGTGGAAAGGACGAAACACCGAGCCTTCCCCTCCGAAGCGAGTTTTAGAGCTAGAAATAGCAAGTTAAAATAAGGCTAGTCCGTTATCAACTT
HGLibA_31675	TTGTGGAAAGGACGAAACACCGGCTGTATCGAGCCTGCGCCGGTTTTAGAGCTAGAAATAGCAAGTTAAAATAAGGCTAGTCCGTTATCAACTT
HGLibA_31671	TTGTGGAAAGGACGAAACACCGGTCGGCGACCATGAGCACCCGTTTTAGAGCTAGAAATAGCAAGTTAAAATAAGGCTAGTCCGTTATCAACTT
HGLibB_31627	TTGTGGAAAGGACGAAACACCGTATGGTTGGCGCTGGCCGAGGTTTTAGAGCTAGAAATAGCAAGTTAAAATAAGGCTAGTCCGTTATCAACTT
HGLibB_31628	TTGTGGAAAGGACGAAACACCGGGGAGTGAGGGGTCCCGCGAGTTTTAGAGCTAGAAATAGCAAGTTAAAATAAGGCTAGTCCGTTATCAACTT
HGLibA_07723	TTGTGGAAAGGACGAAACACCGGAACTTCCAAATCAACTAACGTTTTAGAGCTAGAAATAGCAAGTTAAAATAAGGCTAGTCCGTTATCAACTT
HGLibB_07718	TTGTGGAAAGGACGAAACACCGATGACATAGTATTTAAAGCGGTTTTAGAGCTAGAAATAGCAAGTTAAAATAAGGCTAGTCCGTTATCAACTT
HGLibA_07724	TTGTGGAAAGGACGAAACACCGGTCAACTCAGATCGAAGTAAGTTTTAGAGCTAGAAATAGCAAGTTAAAATAAGGCTAGTCCGTTATCAACTT
HGLibA_49724	TTGTGGAAAGGACGAAACACCGACTTACGCTGTGTATTCATAGTTTTAGAGCTAGAAATAGCAAGTTAAAATAAGGCTAGTCCGTTATCAACTT
HGLibA_49725	TTGTGGAAAGGACGAAACACCGAAGCGCCCATCTGAAAATCTGTTTTAGAGCTAGAAATAGCAAGTTAAAATAAGGCTAGTCCGTTATCAACTT
HGLibB_49665	TTGTGGAAAGGACGAAACACCGAGCCAAACATGTAATACATCGTTTTAGAGCTAGAAATAGCAAGTTAAAATAAGGCTAGTCCGTTATCAACTT
HGLibA_43722	TTGTGGAAAGGACGAAACACCGGAGGACTACATGCTCCTATCGTTTTAGAGCTAGAAATAGCAAGTTAAAATAAGGCTAGTCCGTTATCAACTT
HGLibB_43668	TTGTGGAAAGGACGAAACACCGGGGGAGCAGCAGCTTGATGCGTTTTAGAGCTAGAAATAGCAAGTTAAAATAAGGCTAGTCCGTTATCAACTT
HGLibB_43669	TTGTGGAAAGGACGAAACACCGTCCTCCTGTTCCGCTGCTAGGTTTTAGAGCTAGAAATAGCAAGTTAAAATAAGGCTAGTCCGTTATCAACTT
HGLibA_40057	TTGTGGAAAGGACGAAACACCGTTCAAGGGGATGTTTAATACGTTTTAGAGCTAGAAATAGCAAGTTAAAATAAGGCTAGTCCGTTATCAACTT
HGLibA_40056	TTGTGGAAAGGACGAAACACCGAAATTGAAGAAGTCGAAACCGTTTTAGAGCTAGAAATAGCAAGTTAAAATAAGGCTAGTCCGTTATCAACTT
HGLibB_40006	TTGTGGAAAGGACGAAACACCGTAAACCATAAATCTGTTCTAGTTTTAGAGCTAGAAATAGCAAGTTAAAATAAGGCTAGTCCGTTATCAACTT
HGLibB_48241	TTGTGGAAAGGACGAAACACCGTCTATCAGCCCTTAGCAGTCGTTTTAGAGCTAGAAATAGCAAGTTAAAATAAGGCTAGTCCGTTATCAACTT
HGLibA_48301	TTGTGGAAAGGACGAAACACCGATTAGCTGCAAGGCGGATCAGTTTTAGAGCTAGAAATAGCAAGTTAAAATAAGGCTAGTCCGTTATCAACTT
HGLibA_48300	TTGTGGAAAGGACGAAACACCGCATAGACGCCGAAGCCAAGCGTTTTAGAGCTAGAAATAGCAAGTTAAAATAAGGCTAGTCCGTTATCAACTT
HGLibA_10664	TTGTGGAAAGGACGAAACACCGTGGCGTCAGCCGTGAGCTTCGTTTTAGAGCTAGAAATAGCAAGTTAAAATAAGGCTAGTCCGTTATCAACTT
HGLibB_10654	TTGTGGAAAGGACGAAACACCGCTCAGAGTCAGGCGATGTGAGTTTTAGAGCTAGAAATAGCAAGTTAAAATAAGGCTAGTCCGTTATCAACTT
HGLibA_10665	TTGTGGAAAGGACGAAACACCGCCAGCGTGCTGATTTCTGCCGTTTTAGAGCTAGAAATAGCAAGTTAAAATAAGGCTAGTCCGTTATCAACTT
HGLibA_63732	TTGTGGAAAGGACGAAACACCGGAATGGGGGGACAGATGGAGGTTTTAGAGCTAGAAATAGCAAGTTAAAATAAGGCTAGTCCGTTATCAACTT
HGLibA_63731	TTGTGGAAAGGACGAAACACCGATATTTGTCAAGAGAATGGGGTTTTAGAGCTAGAAATAGCAAGTTAAAATAAGGCTAGTCCGTTATCAACTT
HGLibA_63733	TTGTGGAAAGGACGAAACACCGGGGACAGATGGAGAGGACACGTTTTAGAGCTAGAAATAGCAAGTTAAAATAAGGCTAGTCCGTTATCAACTT
HGLibA_62853	TTGTGGAAAGGACGAAACACCGTGTTGGGATGACCTGCCTGCGTTTTAGAGCTAGAAATAGCAAGTTAAAATAAGGCTAGTCCGTTATCAACTT
HGLibA_62850	TTGTGGAAAGGACGAAACACCGAGGACTACCTGCCTGCAGAAGTTTTAGAGCTAGAAATAGCAAGTTAAAATAAGGCTAGTCCGTTATCAACTT
HGLibA_62852	TTGTGGAAAGGACGAAACACCGTCTGAGAGCTGGACACTTGTGTTTTAGAGCTAGAAATAGCAAGTTAAAATAAGGCTAGTCCGTTATCAACTT
HGLibA_33126	TTGTGGAAAGGACGAAACACCGCCCCATCATGGTAGGCATCCGTTTTAGAGCTAGAAATAGCAAGTTAAAATAAGGCTAGTCCGTTATCAACTT
HGLibB_33083	TTGTGGAAAGGACGAAACACCGCTCCTGGATGCCTACCATGAGTTTTAGAGCTAGAAATAGCAAGTTAAAATAAGGCTAGTCCGTTATCAACTT
HGLibA_33125	TTGTGGAAAGGACGAAACACCGTACTATGCAATTTACGACTCGTTTTAGAGCTAGAAATAGCAAGTTAAAATAAGGCTAGTCCGTTATCAACTT
HGLibA_19589	TTGTGGAAAGGACGAAACACCGGTGCCTTCCCATTGATAGACGTTTTAGAGCTAGAAATAGCAAGTTAAAATAAGGCTAGTCCGTTATCAACTT
HGLibA_19588	TTGTGGAAAGGACGAAACACCGGTACTTTCCTGTCAGGATACGTTTTAGAGCTAGAAATAGCAAGTTAAAATAAGGCTAGTCCGTTATCAACTT
HGLibB_19563	TTGTGGAAAGGACGAAACACCGTACCAGTAACTCCAACCCAGGTTTTAGAGCTAGAAATAGCAAGTTAAAATAAGGCTAGTCCGTTATCAACTT
HGLibA_22084	TTGTGGAAAGGACGAAACACCGCAGACCGTTTCGCAGACCAGGTTTTAGAGCTAGAAATAGCAAGTTAAAATAAGGCTAGTCCGTTATCAACTT
HGLibB_22057	TTGTGGAAAGGACGAAACACCGTGAGCACTGCGACCAGTGCCGTTTTAGAGCTAGAAATAGCAAGTTAAAATAAGGCTAGTCCGTTATCAACTT
HGLibB_22056	TTGTGGAAAGGACGAAACACCGCGCAGGTCCACAGGATGCTCGTTTTAGAGCTAGAAATAGCAAGTTAAAATAAGGCTAGTCCGTTATCAACTT
HGLibA_03694	TTGTGGAAAGGACGAAACACCGTACCTACTTAGATCCCGCCCGTTTTAGAGCTAGAAATAGCAAGTTAAAATAAGGCTAGTCCGTTATCAACTT
HGLibA_03695	TTGTGGAAAGGACGAAACACCGCGCCTCGAAGTCCACAGCAAGTTTTAGAGCTAGAAATAGCAAGTTAAAATAAGGCTAGTCCGTTATCAACTT
HGLibB_03693	TTGTGGAAAGGACGAAACACCGGGTAGAGAGCTGCAAGTCGCGTTTTAGAGCTAGAAATAGCAAGTTAAAATAAGGCTAGTCCGTTATCAACTT
HGLibA_48882	TTGTGGAAAGGACGAAACACCGCCTTGCACTGGTTCCTGAGCGTTTTAGAGCTAGAAATAGCAAGTTAAAATAAGGCTAGTCCGTTATCAACTT
HGLibA_48880	TTGTGGAAAGGACGAAACACCGGGACTTACAGTTTCTGTGTCGTTTTAGAGCTAGAAATAGCAAGTTAAAATAAGGCTAGTCCGTTATCAACTT
HGLibB_48821	TTGTGGAAAGGACGAAACACCGGGGAATGGAAGCGGAGAACGGTTTTAGAGCTAGAAATAGCAAGTTAAAATAAGGCTAGTCCGTTATCAACTT
HGLibB_32219	TTGTGGAAAGGACGAAACACCGCCGTCTTTGCTGTCACCAACGTTTTAGAGCTAGAAATAGCAAGTTAAAATAAGGCTAGTCCGTTATCAACTT
HGLibA_32262	TTGTGGAAAGGACGAAACACCGTTCGCTCGACCTTCCGCTTGGTTTTAGAGCTAGAAATAGCAAGTTAAAATAAGGCTAGTCCGTTATCAACTT
HGLibB_32218	TTGTGGAAAGGACGAAACACCGCCAGCATCTTCAAGTATTCCGTTTTAGAGCTAGAAATAGCAAGTTAAAATAAGGCTAGTCCGTTATCAACTT
HGLibA_58398	TTGTGGAAAGGACGAAACACCGTGGGTGGAGGCTCTCCTGAAGTTTTAGAGCTAGAAATAGCAAGTTAAAATAAGGCTAGTCCGTTATCAACTT
HGLibA_58396	TTGTGGAAAGGACGAAACACCGTTAGGCACAACAGGATTGAGGTTTTAGAGCTAGAAATAGCAAGTTAAAATAAGGCTAGTCCGTTATCAACTT
HGLibA_58395	TTGTGGAAAGGACGAAACACCGAGCGCTCTTCAGAGCCCTTCGTTTTAGAGCTAGAAATAGCAAGTTAAAATAAGGCTAGTCCGTTATCAACTT
HGLibA_25176	TTGTGGAAAGGACGAAACACCGCGAGATAGAAGCCCACCGTGGTTTTAGAGCTAGAAATAGCAAGTTAAAATAAGGCTAGTCCGTTATCAACTT
HGLibB_25142	TTGTGGAAAGGACGAAACACCGTACTTCTGTGCGATGTTCACGTTTTAGAGCTAGAAATAGCAAGTTAAAATAAGGCTAGTCCGTTATCAACTT
HGLibB_25141	TTGTGGAAAGGACGAAACACCGCTCACACAATGGAGGGTGAAGTTTTAGAGCTAGAAATAGCAAGTTAAAATAAGGCTAGTCCGTTATCAACTT
HGLibA_28632	TTGTGGAAAGGACGAAACACCGATTACCTTCACAAGGCATGCGTTTTAGAGCTAGAAATAGCAAGTTAAAATAAGGCTAGTCCGTTATCAACTT
HGLibB_28589	TTGTGGAAAGGACGAAACACCGTTGAATTTAGGGAGTGTTGGGTTTTAGAGCTAGAAATAGCAAGTTAAAATAAGGCTAGTCCGTTATCAACTT
HGLibA_28631	TTGTGGAAAGGACGAAACACCGGAAATTTCGTTGCATGATTCGTTTTAGAGCTAGAAATAGCAAGTTAAAATAAGGCTAGTCCGTTATCAACTT
HGLibA_56325	TTGTGGAAAGGACGAAACACCGATACACGTGCTCTGCTTAGAGTTTTAGAGCTAGAAATAGCAAGTTAAAATAAGGCTAGTCCGTTATCAACTT
HGLibA_56327	TTGTGGAAAGGACGAAACACCGCTGAGCAGGCGCCCTCAGAGGTTTTAGAGCTAGAAATAGCAAGTTAAAATAAGGCTAGTCCGTTATCAACTT
HGLibB_56260	TTGTGGAAAGGACGAAACACCGCTTGACACTTATATCCTCCCGTTTTAGAGCTAGAAATAGCAAGTTAAAATAAGGCTAGTCCGTTATCAACTT
HGLibA_39970	TTGTGGAAAGGACGAAACACCGACTCACCGCTTTGCTCCCCCGTTTTAGAGCTAGAAATAGCAAGTTAAAATAAGGCTAGTCCGTTATCAACTT
HGLibA_39969	TTGTGGAAAGGACGAAACACCGAGTTCCACAATGTCCACGGGGTTTTAGAGCTAGAAATAGCAAGTTAAAATAAGGCTAGTCCGTTATCAACTT
HGLibA_39971	TTGTGGAAAGGACGAAACACCGCACAGATCAGGCTTCAGCTGGTTTTAGAGCTAGAAATAGCAAGTTAAAATAAGGCTAGTCCGTTATCAACTT
HGLibB_53739	TTGTGGAAAGGACGAAACACCGCTCCAGGAACCACTGCAACTGTTTTAGAGCTAGAAATAGCAAGTTAAAATAAGGCTAGTCCGTTATCAACTT
HGLibA_53807	TTGTGGAAAGGACGAAACACCGTCTGGAGGATGAGTTAGTAAGTTTTAGAGCTAGAAATAGCAAGTTAAAATAAGGCTAGTCCGTTATCAACTT
HGLibB_53741	TTGTGGAAAGGACGAAACACCGTCTATTTCCAGTTCACATTCGTTTTAGAGCTAGAAATAGCAAGTTAAAATAAGGCTAGTCCGTTATCAACTT
HGLibA_60879	TTGTGGAAAGGACGAAACACCGACTGCCTGGGTGGGACACTCGTTTTAGAGCTAGAAATAGCAAGTTAAAATAAGGCTAGTCCGTTATCAACTT
HGLibA_60880	TTGTGGAAAGGACGAAACACCGGGTGGGACACTCAGGCAGTGGTTTTAGAGCTAGAAATAGCAAGTTAAAATAAGGCTAGTCCGTTATCAACTT
HGLibA_60878	TTGTGGAAAGGACGAAACACCGTGATACCCACACTGCCTGGGGTTTTAGAGCTAGAAATAGCAAGTTAAAATAAGGCTAGTCCGTTATCAACTT
HGLibB_50460	TTGTGGAAAGGACGAAACACCGGGATTGTCCTCTGTGCGCTAGTTTTAGAGCTAGAAATAGCAAGTTAAAATAAGGCTAGTCCGTTATCAACTT
HGLibA_50520	TTGTGGAAAGGACGAAACACCGCGGTCTCCTCCTTATAGCCAGTTTTAGAGCTAGAAATAGCAAGTTAAAATAAGGCTAGTCCGTTATCAACTT
HGLibB_50458	TTGTGGAAAGGACGAAACACCGTTCACCTGGAGACTTGCTCGGTTTTAGAGCTAGAAATAGCAAGTTAAAATAAGGCTAGTCCGTTATCAACTT
HGLibB_41045	TTGTGGAAAGGACGAAACACCGTTGTGATGTCCTTAGTGAAGGTTTTAGAGCTAGAAATAGCAAGTTAAAATAAGGCTAGTCCGTTATCAACTT
HGLibB_41047	TTGTGGAAAGGACGAAACACCGCAAGGAGATTAAGATCAAGTGTTTTAGAGCTAGAAATAGCAAGTTAAAATAAGGCTAGTCCGTTATCAACTT
HGLibA_41098	TTGTGGAAAGGACGAAACACCGAACTCAGAGCGCACAAAGCGGTTTTAGAGCTAGAAATAGCAAGTTAAAATAAGGCTAGTCCGTTATCAACTT
HGLibA_63344	TTGTGGAAAGGACGAAACACCGCCGAGTACACAGGTAAGCAGGTTTTAGAGCTAGAAATAGCAAGTTAAAATAAGGCTAGTCCGTTATCAACTT
HGLibA_63345	TTGTGGAAAGGACGAAACACCGACACAGGTAAGCAGGGGCTCGTTTTAGAGCTAGAAATAGCAAGTTAAAATAAGGCTAGTCCGTTATCAACTT
HGLibA_63347	TTGTGGAAAGGACGAAACACCGGGAATGAGCAGGGGCTGTGGGTTTTAGAGCTAGAAATAGCAAGTTAAAATAAGGCTAGTCCGTTATCAACTT
HGLibB_48828	TTGTGGAAAGGACGAAACACCGTGATAAAAAGATGTTCATCAGTTTTAGAGCTAGAAATAGCAAGTTAAAATAAGGCTAGTCCGTTATCAACTT
HGLibA_48887	TTGTGGAAAGGACGAAACACCGGTTCGAGAGATCTTTCAGAAGTTTTAGAGCTAGAAATAGCAAGTTAAAATAAGGCTAGTCCGTTATCAACTT
HGLibA_48888	TTGTGGAAAGGACGAAACACCGATAGATAAGACCTCCTTTGCGTTTTAGAGCTAGAAATAGCAAGTTAAAATAAGGCTAGTCCGTTATCAACTT
HGLibA_08975	TTGTGGAAAGGACGAAACACCGCGAGGACAACGTGCTCTACAGTTTTAGAGCTAGAAATAGCAAGTTAAAATAAGGCTAGTCCGTTATCAACTT
HGLibB_08966	TTGTGGAAAGGACGAAACACCGGAGCGTCATGAGCCTCTCATGTTTTAGAGCTAGAAATAGCAAGTTAAAATAAGGCTAGTCCGTTATCAACTT
HGLibB_08968	TTGTGGAAAGGACGAAACACCGAAATCATTTATTCGGATCACGTTTTAGAGCTAGAAATAGCAAGTTAAAATAAGGCTAGTCCGTTATCAACTT
HGLibA_19650	TTGTGGAAAGGACGAAACACCGACCGAGACTCTAGTTCAGCCGTTTTAGAGCTAGAAATAGCAAGTTAAAATAAGGCTAGTCCGTTATCAACTT
HGLibB_19620	TTGTGGAAAGGACGAAACACCGGCCTACAGAACCTCAGTCAGGTTTTAGAGCTAGAAATAGCAAGTTAAAATAAGGCTAGTCCGTTATCAACTT
HGLibB_19621	TTGTGGAAAGGACGAAACACCGAATGATGAAGCAACAGCTCCGTTTTAGAGCTAGAAATAGCAAGTTAAAATAAGGCTAGTCCGTTATCAACTT
HGLibB_09613	TTGTGGAAAGGACGAAACACCGCCAGGTCATAGAGCTTCTGCGTTTTAGAGCTAGAAATAGCAAGTTAAAATAAGGCTAGTCCGTTATCAACTT
HGLibB_09612	TTGTGGAAAGGACGAAACACCGCGGGCACTCACCCGGGCGCAGTTTTAGAGCTAGAAATAGCAAGTTAAAATAAGGCTAGTCCGTTATCAACTT
HGLibA_09623	TTGTGGAAAGGACGAAACACCGGGGGCGCGGCGCATAGGAGCGTTTTAGAGCTAGAAATAGCAAGTTAAAATAAGGCTAGTCCGTTATCAACTT
HGLibA_28770	TTGTGGAAAGGACGAAACACCGCCTCCTGGCGCGGACAAGTCGTTTTAGAGCTAGAAATAGCAAGTTAAAATAAGGCTAGTCCGTTATCAACTT
HGLibA_28769	TTGTGGAAAGGACGAAACACCGGCTCCTGACTTGTCCGCGCCGTTTTAGAGCTAGAAATAGCAAGTTAAAATAAGGCTAGTCCGTTATCAACTT
HGLibA_28768	TTGTGGAAAGGACGAAACACCGGCACAAACAGAGCCGTACCCGTTTTAGAGCTAGAAATAGCAAGTTAAAATAAGGCTAGTCCGTTATCAACTT
HGLibA_07346	TTGTGGAAAGGACGAAACACCGATCACTGACCTTGGTGGCCGGTTTTAGAGCTAGAAATAGCAAGTTAAAATAAGGCTAGTCCGTTATCAACTT
HGLibB_07339	TTGTGGAAAGGACGAAACACCGTCTTCATACCTTGGTTTCTGGTTTTAGAGCTAGAAATAGCAAGTTAAAATAAGGCTAGTCCGTTATCAACTT
HGLibB_07340	TTGTGGAAAGGACGAAACACCGTATGAATCCCACAGAAACCAGTTTTAGAGCTAGAAATAGCAAGTTAAAATAAGGCTAGTCCGTTATCAACTT
HGLibB_52080	TTGTGGAAAGGACGAAACACCGCCAGCTCCTGCGTGATGACCGTTTTAGAGCTAGAAATAGCAAGTTAAAATAAGGCTAGTCCGTTATCAACTT
HGLibA_52143	TTGTGGAAAGGACGAAACACCGTTGATCAAATCGGCCAACCTGTTTTAGAGCTAGAAATAGCAAGTTAAAATAAGGCTAGTCCGTTATCAACTT
HGLibA_52144	TTGTGGAAAGGACGAAACACCGGGCGCCCATCACCCAGTTTCGTTTTAGAGCTAGAAATAGCAAGTTAAAATAAGGCTAGTCCGTTATCAACTT
HGLibA_49411	TTGTGGAAAGGACGAAACACCGCCTCTCGTCGTCGCAGCCAGGTTTTAGAGCTAGAAATAGCAAGTTAAAATAAGGCTAGTCCGTTATCAACTT
HGLibB_49353	TTGTGGAAAGGACGAAACACCGCACAGCGGAACCTACAATTGGTTTTAGAGCTAGAAATAGCAAGTTAAAATAAGGCTAGTCCGTTATCAACTT
HGLibA_49412	TTGTGGAAAGGACGAAACACCGCCACTGGCTGCGACGACGAGGTTTTAGAGCTAGAAATAGCAAGTTAAAATAAGGCTAGTCCGTTATCAACTT
HGLibB_21848	TTGTGGAAAGGACGAAACACCGAATAACTCATAATTCCTTGAGTTTTAGAGCTAGAAATAGCAAGTTAAAATAAGGCTAGTCCGTTATCAACTT
HGLibA_21877	TTGTGGAAAGGACGAAACACCGGATGTCAAACAGCTGACTAGGTTTTAGAGCTAGAAATAGCAAGTTAAAATAAGGCTAGTCCGTTATCAACTT
HGLibB_21846	TTGTGGAAAGGACGAAACACCGTTAGGCCAGTAATGTAAAGAGTTTTAGAGCTAGAAATAGCAAGTTAAAATAAGGCTAGTCCGTTATCAACTT
HGLibB_23038	TTGTGGAAAGGACGAAACACCGAAACTTAAATGTGAGCATCCGTTTTAGAGCTAGAAATAGCAAGTTAAAATAAGGCTAGTCCGTTATCAACTT
HGLibA_23070	TTGTGGAAAGGACGAAACACCGGACTTAGTGCAATGCAAGACGTTTTAGAGCTAGAAATAGCAAGTTAAAATAAGGCTAGTCCGTTATCAACTT
HGLibA_23069	TTGTGGAAAGGACGAAACACCGCAATATCAACGTAATAGTTCGTTTTAGAGCTAGAAATAGCAAGTTAAAATAAGGCTAGTCCGTTATCAACTT
HGLibA_28179	TTGTGGAAAGGACGAAACACCGTGACTGCAGTCATTCCACACGTTTTAGAGCTAGAAATAGCAAGTTAAAATAAGGCTAGTCCGTTATCAACTT
HGLibB_28137	TTGTGGAAAGGACGAAACACCGTGGGGAGGACTGACATCTCTGTTTTAGAGCTAGAAATAGCAAGTTAAAATAAGGCTAGTCCGTTATCAACTT
HGLibA_28177	TTGTGGAAAGGACGAAACACCGTTGCAGGAGTTCGACCAAGAGTTTTAGAGCTAGAAATAGCAAGTTAAAATAAGGCTAGTCCGTTATCAACTT
HGLibA_51247	TTGTGGAAAGGACGAAACACCGTTGTGCAGAGCAGTTAATGCGTTTTAGAGCTAGAAATAGCAAGTTAAAATAAGGCTAGTCCGTTATCAACTT
HGLibB_51183	TTGTGGAAAGGACGAAACACCGTATTGTCGGAATGAAAGCAGGTTTTAGAGCTAGAAATAGCAAGTTAAAATAAGGCTAGTCCGTTATCAACTT
HGLibA_51246	TTGTGGAAAGGACGAAACACCGTCAGTGTGCAGCTTTAGCGGGTTTTAGAGCTAGAAATAGCAAGTTAAAATAAGGCTAGTCCGTTATCAACTT
HGLibB_40056	TTGTGGAAAGGACGAAACACCGGGCACTGGCTGGTGACGCTCGTTTTAGAGCTAGAAATAGCAAGTTAAAATAAGGCTAGTCCGTTATCAACTT
HGLibA_40107	TTGTGGAAAGGACGAAACACCGGGTAGAGCTCGTCCCCGATGGTTTTAGAGCTAGAAATAGCAAGTTAAAATAAGGCTAGTCCGTTATCAACTT
HGLibA_40109	TTGTGGAAAGGACGAAACACCGAGCGGGAGGAGTTCACCGTCGTTTTAGAGCTAGAAATAGCAAGTTAAAATAAGGCTAGTCCGTTATCAACTT
HGLibA_47892	TTGTGGAAAGGACGAAACACCGCACCACAGCTGCATTGCGAGGTTTTAGAGCTAGAAATAGCAAGTTAAAATAAGGCTAGTCCGTTATCAACTT
HGLibA_47891	TTGTGGAAAGGACGAAACACCGTGAGATATTTCCCCAGAGCGGTTTTAGAGCTAGAAATAGCAAGTTAAAATAAGGCTAGTCCGTTATCAACTT
HGLibB_47835	TTGTGGAAAGGACGAAACACCGGCTGAGGATCATCATCTCCAGTTTTAGAGCTAGAAATAGCAAGTTAAAATAAGGCTAGTCCGTTATCAACTT
HGLibA_02466	TTGTGGAAAGGACGAAACACCGGTGGCGGAATCGTTTGGTAAGTTTTAGAGCTAGAAATAGCAAGTTAAAATAAGGCTAGTCCGTTATCAACTT
HGLibB_02464	TTGTGGAAAGGACGAAACACCGGCGTACAACATCATCCACAGGTTTTAGAGCTAGAAATAGCAAGTTAAAATAAGGCTAGTCCGTTATCAACTT
HGLibB_02465	TTGTGGAAAGGACGAAACACCGCCCCAGAGAACTTCGTAAAGGTTTTAGAGCTAGAAATAGCAAGTTAAAATAAGGCTAGTCCGTTATCAACTT
HGLibB_23554	TTGTGGAAAGGACGAAACACCGGGCACCAACAGCCGCTTCAGGTTTTAGAGCTAGAAATAGCAAGTTAAAATAAGGCTAGTCCGTTATCAACTT
HGLibA_23586	TTGTGGAAAGGACGAAACACCGTTTAGCAGAGGACCGGAGCAGTTTTAGAGCTAGAAATAGCAAGTTAAAATAAGGCTAGTCCGTTATCAACTT
HGLibB_23552	TTGTGGAAAGGACGAAACACCGATCTACGAGTTTGTGAACTCGTTTTAGAGCTAGAAATAGCAAGTTAAAATAAGGCTAGTCCGTTATCAACTT
HGLibA_15503	TTGTGGAAAGGACGAAACACCGTTGAAATTCGATATGCACCGGTTTTAGAGCTAGAAATAGCAAGTTAAAATAAGGCTAGTCCGTTATCAACTT
HGLibA_15504	TTGTGGAAAGGACGAAACACCGTGTGTGAGCTACACAGAGTCGTTTTAGAGCTAGAAATAGCAAGTTAAAATAAGGCTAGTCCGTTATCAACTT
HGLibB_15482	TTGTGGAAAGGACGAAACACCGTCCTGAAATATTTGATGCCTGTTTTAGAGCTAGAAATAGCAAGTTAAAATAAGGCTAGTCCGTTATCAACTT
HGLibB_39104	TTGTGGAAAGGACGAAACACCGCCAAGTGTGTGCTGATGATTGTTTTAGAGCTAGAAATAGCAAGTTAAAATAAGGCTAGTCCGTTATCAACTT
HGLibA_39154	TTGTGGAAAGGACGAAACACCGCCCAGTGAAGCGTGACATTCGTTTTAGAGCTAGAAATAGCAAGTTAAAATAAGGCTAGTCCGTTATCAACTT
HGLibA_39153	TTGTGGAAAGGACGAAACACCGGGATCTCTCCTGGCAAAGACGTTTTAGAGCTAGAAATAGCAAGTTAAAATAAGGCTAGTCCGTTATCAACTT
HGLibB_49654	TTGTGGAAAGGACGAAACACCGTGGCTTCCAGTTGCTCTACGGTTTTAGAGCTAGAAATAGCAAGTTAAAATAAGGCTAGTCCGTTATCAACTT
HGLibA_49714	TTGTGGAAAGGACGAAACACCGCGCCTGCGCTATCCTATTAAGTTTTAGAGCTAGAAATAGCAAGTTAAAATAAGGCTAGTCCGTTATCAACTT
HGLibB_49655	TTGTGGAAAGGACGAAACACCGTGACGGGTTTGGCTTCATGCGTTTTAGAGCTAGAAATAGCAAGTTAAAATAAGGCTAGTCCGTTATCAACTT
HGLibB_29398	TTGTGGAAAGGACGAAACACCGGAAGTCCTGCTGCTGGCAAGGTTTTAGAGCTAGAAATAGCAAGTTAAAATAAGGCTAGTCCGTTATCAACTT
HGLibA_29439	TTGTGGAAAGGACGAAACACCGACGGGGCTTGCCTTGACCCAGTTTTAGAGCTAGAAATAGCAAGTTAAAATAAGGCTAGTCCGTTATCAACTT
HGLibA_29437	TTGTGGAAAGGACGAAACACCGTGGGTACAAGATGACGGAGCGTTTTAGAGCTAGAAATAGCAAGTTAAAATAAGGCTAGTCCGTTATCAACTT
HGLibA_64104	TTGTGGAAAGGACGAAACACCGTCATCTTGCTTACATTCCTGGTTTTAGAGCTAGAAATAGCAAGTTAAAATAAGGCTAGTCCGTTATCAACTT
HGLibA_64102	TTGTGGAAAGGACGAAACACCGGAGGCAACAATATGTTCCACGTTTTAGAGCTAGAAATAGCAAGTTAAAATAAGGCTAGTCCGTTATCAACTT
HGLibA_64101	TTGTGGAAAGGACGAAACACCGGATCACATTGTAACATGCAGGTTTTAGAGCTAGAAATAGCAAGTTAAAATAAGGCTAGTCCGTTATCAACTT
HGLibA_41358	TTGTGGAAAGGACGAAACACCGGTGGAGACGATCAGACATCCGTTTTAGAGCTAGAAATAGCAAGTTAAAATAAGGCTAGTCCGTTATCAACTT
HGLibB_41307	TTGTGGAAAGGACGAAACACCGGGATGTCTGATCGTCTCCACGTTTTAGAGCTAGAAATAGCAAGTTAAAATAAGGCTAGTCCGTTATCAACTT
HGLibB_41305	TTGTGGAAAGGACGAAACACCGGTCGCCCCCTGTAAAAGGCCGTTTTAGAGCTAGAAATAGCAAGTTAAAATAAGGCTAGTCCGTTATCAACTT
HGLibA_25288	TTGTGGAAAGGACGAAACACCGGGTTTCCTTTGCTGCCGCTTGTTTTAGAGCTAGAAATAGCAAGTTAAAATAAGGCTAGTCCGTTATCAACTT
HGLibA_25289	TTGTGGAAAGGACGAAACACCGACCTCGGCAGTGAGCTTCTCGTTTTAGAGCTAGAAATAGCAAGTTAAAATAAGGCTAGTCCGTTATCAACTT
HGLibB_25252	TTGTGGAAAGGACGAAACACCGTCCAGAGAAGCTCACTGCCGGTTTTAGAGCTAGAAATAGCAAGTTAAAATAAGGCTAGTCCGTTATCAACTT
HGLibB_01952	TTGTGGAAAGGACGAAACACCGGATTCGCTTGCTTTGCACAGGTTTTAGAGCTAGAAATAGCAAGTTAAAATAAGGCTAGTCCGTTATCAACTT
HGLibB_01954	TTGTGGAAAGGACGAAACACCGTTACCAGTTTATGCTGTTCGGTTTTAGAGCTAGAAATAGCAAGTTAAAATAAGGCTAGTCCGTTATCAACTT
HGLibA_01955	TTGTGGAAAGGACGAAACACCGGTACAGGCGTTTGGCTGCGTGTTTTAGAGCTAGAAATAGCAAGTTAAAATAAGGCTAGTCCGTTATCAACTT
HGLibA_11401	TTGTGGAAAGGACGAAACACCGGAACTGACCTGACATCATATGTTTTAGAGCTAGAAATAGCAAGTTAAAATAAGGCTAGTCCGTTATCAACTT
HGLibA_11403	TTGTGGAAAGGACGAAACACCGGATCATAATTGTCATGTCCAGTTTTAGAGCTAGAAATAGCAAGTTAAAATAAGGCTAGTCCGTTATCAACTT
HGLibA_11402	TTGTGGAAAGGACGAAACACCGAGCAGCGCCAATATGATGTCGTTTTAGAGCTAGAAATAGCAAGTTAAAATAAGGCTAGTCCGTTATCAACTT
HGLibB_18940	TTGTGGAAAGGACGAAACACCGTCTGACAATCTGCTGTTAACGTTTTAGAGCTAGAAATAGCAAGTTAAAATAAGGCTAGTCCGTTATCAACTT
HGLibA_18964	TTGTGGAAAGGACGAAACACCGGCACCAAGTACCGCACGCTAGTTTTAGAGCTAGAAATAGCAAGTTAAAATAAGGCTAGTCCGTTATCAACTT
HGLibB_18941	TTGTGGAAAGGACGAAACACCGATCTGCTTACCTGATATGAAGTTTTAGAGCTAGAAATAGCAAGTTAAAATAAGGCTAGTCCGTTATCAACTT
HGLibA_54844	TTGTGGAAAGGACGAAACACCGCCCCGTCCAGCAGACGTGTCGTTTTAGAGCTAGAAATAGCAAGTTAAAATAAGGCTAGTCCGTTATCAACTT
HGLibA_54845	TTGTGGAAAGGACGAAACACCGGCCGGGAGTTCCGGGCTCATGTTTTAGAGCTAGAAATAGCAAGTTAAAATAAGGCTAGTCCGTTATCAACTT
HGLibA_54843	TTGTGGAAAGGACGAAACACCGAGTCAAACGGCCGCAGATTGGTTTTAGAGCTAGAAATAGCAAGTTAAAATAAGGCTAGTCCGTTATCAACTT
HGLibB_23648	TTGTGGAAAGGACGAAACACCGGCTAGTTGGCCGAGGAGTCGGTTTTAGAGCTAGAAATAGCAAGTTAAAATAAGGCTAGTCCGTTATCAACTT
HGLibA_23682	TTGTGGAAAGGACGAAACACCGGATCATAGTGACCACGAGTGGTTTTAGAGCTAGAAATAGCAAGTTAAAATAAGGCTAGTCCGTTATCAACTT
HGLibB_23649	TTGTGGAAAGGACGAAACACCGGCTAATGCCGCTTCTACTTCGTTTTAGAGCTAGAAATAGCAAGTTAAAATAAGGCTAGTCCGTTATCAACTT
HGLibB_43973	TTGTGGAAAGGACGAAACACCGAAGATGAAGATGCACATGTCGTTTTAGAGCTAGAAATAGCAAGTTAAAATAAGGCTAGTCCGTTATCAACTT
HGLibA_44028	TTGTGGAAAGGACGAAACACCGATGACTTCTCTAATCAGTTAGTTTTAGAGCTAGAAATAGCAAGTTAAAATAAGGCTAGTCCGTTATCAACTT
HGLibA_44026	TTGTGGAAAGGACGAAACACCGTTTGAAGAGTTCCCTGCCGAGTTTTAGAGCTAGAAATAGCAAGTTAAAATAAGGCTAGTCCGTTATCAACTT
HGLibB_47574	TTGTGGAAAGGACGAAACACCGTCATGAATATCTGGGCATCCGTTTTAGAGCTAGAAATAGCAAGTTAAAATAAGGCTAGTCCGTTATCAACTT
HGLibA_47629	TTGTGGAAAGGACGAAACACCGATTCAGCAACTACGAACAGAGTTTTAGAGCTAGAAATAGCAAGTTAAAATAAGGCTAGTCCGTTATCAACTT
HGLibA_47630	TTGTGGAAAGGACGAAACACCGAGAACGAGACCAGATAGACCGTTTTAGAGCTAGAAATAGCAAGTTAAAATAAGGCTAGTCCGTTATCAACTT
HGLibA_33173	TTGTGGAAAGGACGAAACACCGCAAACGCCGCCGCTTATCCAGTTTTAGAGCTAGAAATAGCAAGTTAAAATAAGGCTAGTCCGTTATCAACTT
HGLibA_33174	TTGTGGAAAGGACGAAACACCGTTTCAAGACCTATGTGGATCGTTTTAGAGCTAGAAATAGCAAGTTAAAATAAGGCTAGTCCGTTATCAACTT
HGLibB_33131	TTGTGGAAAGGACGAAACACCGCCTCACCCAGCAACACAGTGGTTTTAGAGCTAGAAATAGCAAGTTAAAATAAGGCTAGTCCGTTATCAACTT
HGLibA_16360	TTGTGGAAAGGACGAAACACCGCCGAACCAACACCTTCCTCGGTTTTAGAGCTAGAAATAGCAAGTTAAAATAAGGCTAGTCCGTTATCAACTT
HGLibA_16359	TTGTGGAAAGGACGAAACACCGGGAGAAACTAGGGGGCCTCGGTTTTAGAGCTAGAAATAGCAAGTTAAAATAAGGCTAGTCCGTTATCAACTT
HGLibB_16338	TTGTGGAAAGGACGAAACACCGTCCTCAGAAAACATGGTAAGGTTTTAGAGCTAGAAATAGCAAGTTAAAATAAGGCTAGTCCGTTATCAACTT
HGLibB_19539	TTGTGGAAAGGACGAAACACCGCAGGTGATGATCCTTATCACGTTTTAGAGCTAGAAATAGCAAGTTAAAATAAGGCTAGTCCGTTATCAACTT
HGLibA_19566	TTGTGGAAAGGACGAAACACCGGTGGTTCACTCCCTCCTCGAGTTTTAGAGCTAGAAATAGCAAGTTAAAATAAGGCTAGTCCGTTATCAACTT
HGLibB_19537	TTGTGGAAAGGACGAAACACCGGGTGGGATCGAGCTATTTGTGTTTTAGAGCTAGAAATAGCAAGTTAAAATAAGGCTAGTCCGTTATCAACTT
HGLibB_25162	TTGTGGAAAGGACGAAACACCGGGCTTCATCTTCATCGCCGGGTTTTAGAGCTAGAAATAGCAAGTTAAAATAAGGCTAGTCCGTTATCAACTT
HGLibA_25198	TTGTGGAAAGGACGAAACACCGGTTGTCATCGCTGCCCCCGAGTTTTAGAGCTAGAAATAGCAAGTTAAAATAAGGCTAGTCCGTTATCAACTT
HGLibA_25199	TTGTGGAAAGGACGAAACACCGGCTCTTCTGCGACGTCGTCCGTTTTAGAGCTAGAAATAGCAAGTTAAAATAAGGCTAGTCCGTTATCAACTT
HGLibA_13104	TTGTGGAAAGGACGAAACACCGCGTCGCTGTGTCCCAGAACAGTTTTAGAGCTAGAAATAGCAAGTTAAAATAAGGCTAGTCCGTTATCAACTT
HGLibB_13084	TTGTGGAAAGGACGAAACACCGACCACAACCTCTTCAGTAGAGTTTTAGAGCTAGAAATAGCAAGTTAAAATAAGGCTAGTCCGTTATCAACTT
HGLibA_13103	TTGTGGAAAGGACGAAACACCGCACATTACCTTCTACTGAAGGTTTTAGAGCTAGAAATAGCAAGTTAAAATAAGGCTAGTCCGTTATCAACTT
HGLibB_43033	TTGTGGAAAGGACGAAACACCGTCACAGCCTCTGTCACGACGGTTTTAGAGCTAGAAATAGCAAGTTAAAATAAGGCTAGTCCGTTATCAACTT
HGLibA_43086	TTGTGGAAAGGACGAAACACCGATGTATTCGGCCCAGGGCAAGTTTTAGAGCTAGAAATAGCAAGTTAAAATAAGGCTAGTCCGTTATCAACTT
HGLibB_43032	TTGTGGAAAGGACGAAACACCGTTACCTTCCCAGGGTTGCGTGTTTTAGAGCTAGAAATAGCAAGTTAAAATAAGGCTAGTCCGTTATCAACTT
HGLibA_36885	TTGTGGAAAGGACGAAACACCGTGACTGTTGCTACAAACGTCGTTTTAGAGCTAGAAATAGCAAGTTAAAATAAGGCTAGTCCGTTATCAACTT
HGLibB_36838	TTGTGGAAAGGACGAAACACCGTCAACTGTGTGAGTGTGATAGTTTTAGAGCTAGAAATAGCAAGTTAAAATAAGGCTAGTCCGTTATCAACTT
HGLibB_36839	TTGTGGAAAGGACGAAACACCGCGTCTTGTTTCTAGCAAAACGTTTTAGAGCTAGAAATAGCAAGTTAAAATAAGGCTAGTCCGTTATCAACTT
HGLibA_10496	TTGTGGAAAGGACGAAACACCGTAGGCCATTTGACTCGGCATGTTTTAGAGCTAGAAATAGCAAGTTAAAATAAGGCTAGTCCGTTATCAACTT
HGLibB_10487	TTGTGGAAAGGACGAAACACCGGTTGGACCAGCTGGCCTACCGTTTTAGAGCTAGAAATAGCAAGTTAAAATAAGGCTAGTCCGTTATCAACTT
HGLibB_10485	TTGTGGAAAGGACGAAACACCGGCTGCTAGTATCCTTGAACTGTTTTAGAGCTAGAAATAGCAAGTTAAAATAAGGCTAGTCCGTTATCAACTT
HGLibA_47844	TTGTGGAAAGGACGAAACACCGACCGATGCCACATCATGCACGTTTTAGAGCTAGAAATAGCAAGTTAAAATAAGGCTAGTCCGTTATCAACTT
HGLibA_47845	TTGTGGAAAGGACGAAACACCGGGCTCGCTATGTCTGTCAAGGTTTTAGAGCTAGAAATAGCAAGTTAAAATAAGGCTAGTCCGTTATCAACTT
HGLibA_47843	TTGTGGAAAGGACGAAACACCGAGAAATGCGGCACGCCATCTGTTTTAGAGCTAGAAATAGCAAGTTAAAATAAGGCTAGTCCGTTATCAACTT
HGLibA_43619	TTGTGGAAAGGACGAAACACCGCACGGCCCCTTTGGCGGTCTGTTTTAGAGCTAGAAATAGCAAGTTAAAATAAGGCTAGTCCGTTATCAACTT
HGLibA_43620	TTGTGGAAAGGACGAAACACCGCTACATTATCGTCACTACATGTTTTAGAGCTAGAAATAGCAAGTTAAAATAAGGCTAGTCCGTTATCAACTT
HGLibB_43567	TTGTGGAAAGGACGAAACACCGAAGTGTTAGCCCATAGACCTGTTTTAGAGCTAGAAATAGCAAGTTAAAATAAGGCTAGTCCGTTATCAACTT
HGLibA_04785	TTGTGGAAAGGACGAAACACCGAGTTGTTCCAGCCACAAGTAGTTTTAGAGCTAGAAATAGCAAGTTAAAATAAGGCTAGTCCGTTATCAACTT
HGLibB_04783	TTGTGGAAAGGACGAAACACCGCTGTTGAAGATGTTATTGTTGTTTTAGAGCTAGAAATAGCAAGTTAAAATAAGGCTAGTCCGTTATCAACTT
HGLibA_04784	TTGTGGAAAGGACGAAACACCGTCTTGCTTGACCGTCATTTCGTTTTAGAGCTAGAAATAGCAAGTTAAAATAAGGCTAGTCCGTTATCAACTT
HGLibB_20348	TTGTGGAAAGGACGAAACACCGGCCTCAAAGCCGCCTTTATCGTTTTAGAGCTAGAAATAGCAAGTTAAAATAAGGCTAGTCCGTTATCAACTT
HGLibB_20350	TTGTGGAAAGGACGAAACACCGTAAACAGAGATGATCGACAGGTTTTAGAGCTAGAAATAGCAAGTTAAAATAAGGCTAGTCCGTTATCAACTT
HGLibA_20376	TTGTGGAAAGGACGAAACACCGTGACATAGAGGATCCCCGGGGTTTTAGAGCTAGAAATAGCAAGTTAAAATAAGGCTAGTCCGTTATCAACTT
HGLibB_02315	TTGTGGAAAGGACGAAACACCGATCAAACTGCATGTACCACTGTTTTAGAGCTAGAAATAGCAAGTTAAAATAAGGCTAGTCCGTTATCAACTT
HGLibA_02316	TTGTGGAAAGGACGAAACACCGATCATTTACCGCCGCTATGCGTTTTAGAGCTAGAAATAGCAAGTTAAAATAAGGCTAGTCCGTTATCAACTT
HGLibA_02317	TTGTGGAAAGGACGAAACACCGGGCCATTCACAACTTCGTGGGTTTTAGAGCTAGAAATAGCAAGTTAAAATAAGGCTAGTCCGTTATCAACTT
HGLibA_45727	TTGTGGAAAGGACGAAACACCGGAATCAGATCCGCTCGCCAAGTTTTAGAGCTAGAAATAGCAAGTTAAAATAAGGCTAGTCCGTTATCAACTT
HGLibA_45728	TTGTGGAAAGGACGAAACACCGCGAGCGGATCTGATTCTGTGGTTTTAGAGCTAGAAATAGCAAGTTAAAATAAGGCTAGTCCGTTATCAACTT
HGLibB_45674	TTGTGGAAAGGACGAAACACCGGGGAGACACAGGATCCCAAGGTTTTAGAGCTAGAAATAGCAAGTTAAAATAAGGCTAGTCCGTTATCAACTT
HGLibB_54544	TTGTGGAAAGGACGAAACACCGTCAGAAAACCTGCTGCCTCTGTTTTAGAGCTAGAAATAGCAAGTTAAAATAAGGCTAGTCCGTTATCAACTT
HGLibB_54542	TTGTGGAAAGGACGAAACACCGAGAGTCTCGGCGGGAAAATCGTTTTAGAGCTAGAAATAGCAAGTTAAAATAAGGCTAGTCCGTTATCAACTT
HGLibA_54609	TTGTGGAAAGGACGAAACACCGTTGTCGTCATGCGCGGGTGAGTTTTAGAGCTAGAAATAGCAAGTTAAAATAAGGCTAGTCCGTTATCAACTT
HGLibA_22042	TTGTGGAAAGGACGAAACACCGGTTATGGCGACCCGCAGCCCGTTTTAGAGCTAGAAATAGCAAGTTAAAATAAGGCTAGTCCGTTATCAACTT
HGLibA_22044	TTGTGGAAAGGACGAAACACCGTCTTGCTCGAGATGTGATGAGTTTTAGAGCTAGAAATAGCAAGTTAAAATAAGGCTAGTCCGTTATCAACTT
HGLibB_22014	TTGTGGAAAGGACGAAACACCGTAAATTCTTTGCTGACCTGCGTTTTAGAGCTAGAAATAGCAAGTTAAAATAAGGCTAGTCCGTTATCAACTT
HGLibA_16961	TTGTGGAAAGGACGAAACACCGAGCACTCACGTACGACACACGTTTTAGAGCTAGAAATAGCAAGTTAAAATAAGGCTAGTCCGTTATCAACTT
HGLibB_16939	TTGTGGAAAGGACGAAACACCGAGCCAGCGTCCCATCCGCACGTTTTAGAGCTAGAAATAGCAAGTTAAAATAAGGCTAGTCCGTTATCAACTT
HGLibB_16937	TTGTGGAAAGGACGAAACACCGCCCCGAAGGCCGAATGTGTGGTTTTAGAGCTAGAAATAGCAAGTTAAAATAAGGCTAGTCCGTTATCAACTT
HGLibA_30454	TTGTGGAAAGGACGAAACACCGGCTGGGTGCTGACCGCAATGGTTTTAGAGCTAGAAATAGCAAGTTAAAATAAGGCTAGTCCGTTATCAACTT
HGLibA_30453	TTGTGGAAAGGACGAAACACCGGAGGAGGTTCCGAAGATAGTGTTTTAGAGCTAGAAATAGCAAGTTAAAATAAGGCTAGTCCGTTATCAACTT
HGLibB_30413	TTGTGGAAAGGACGAAACACCGCCAGCTCAGATGCCAATGAGGTTTTAGAGCTAGAAATAGCAAGTTAAAATAAGGCTAGTCCGTTATCAACTT
HGLibA_38591	TTGTGGAAAGGACGAAACACCGCACAGTTCTACAGATCATAGGTTTTAGAGCTAGAAATAGCAAGTTAAAATAAGGCTAGTCCGTTATCAACTT
HGLibB_38541	TTGTGGAAAGGACGAAACACCGTTTAGAGTGAAGATGAAATCGTTTTAGAGCTAGAAATAGCAAGTTAAAATAAGGCTAGTCCGTTATCAACTT
HGLibA_38590	TTGTGGAAAGGACGAAACACCGTTATTTATAGATGCCAGAAGGTTTTAGAGCTAGAAATAGCAAGTTAAAATAAGGCTAGTCCGTTATCAACTT
HGLibB_19217	TTGTGGAAAGGACGAAACACCGAGCATTCCCCATTGCAGTTGGTTTTAGAGCTAGAAATAGCAAGTTAAAATAAGGCTAGTCCGTTATCAACTT
HGLibA_19242	TTGTGGAAAGGACGAAACACCGAGCCAAATCTCTACCATTGCGTTTTAGAGCTAGAAATAGCAAGTTAAAATAAGGCTAGTCCGTTATCAACTT
HGLibB_19216	TTGTGGAAAGGACGAAACACCGGAACAAATGAGGGTTGATCTGTTTTAGAGCTAGAAATAGCAAGTTAAAATAAGGCTAGTCCGTTATCAACTT
HGLibB_27512	TTGTGGAAAGGACGAAACACCGTGCCGTCCAGCACAAGGTTGGTTTTAGAGCTAGAAATAGCAAGTTAAAATAAGGCTAGTCCGTTATCAACTT
HGLibB_27511	TTGTGGAAAGGACGAAACACCGCTCACCTCGCATGTACTCAAGTTTTAGAGCTAGAAATAGCAAGTTAAAATAAGGCTAGTCCGTTATCAACTT
HGLibA_27550	TTGTGGAAAGGACGAAACACCGCGTGGTGCTAATCTGCCCGCGTTTTAGAGCTAGAAATAGCAAGTTAAAATAAGGCTAGTCCGTTATCAACTT
HGLibA_00187	TTGTGGAAAGGACGAAACACCGCCTCTTTATGCCAGCCGTGAGTTTTAGAGCTAGAAATAGCAAGTTAAAATAAGGCTAGTCCGTTATCAACTT
HGLibA_00188	TTGTGGAAAGGACGAAACACCGTTTCTAGGCGGCGGGAATCAGTTTTAGAGCTAGAAATAGCAAGTTAAAATAAGGCTAGTCCGTTATCAACTT
HGLibB_00187	TTGTGGAAAGGACGAAACACCGTTCCGGGACATAACCTGAGAGTTTTAGAGCTAGAAATAGCAAGTTAAAATAAGGCTAGTCCGTTATCAACTT
HGLibB_13243	TTGTGGAAAGGACGAAACACCGCGTGGCCCCGGGCTATAACGGTTTTAGAGCTAGAAATAGCAAGTTAAAATAAGGCTAGTCCGTTATCAACTT
HGLibB_13245	TTGTGGAAAGGACGAAACACCGTGCAGCGCCACGTTATAGCCGTTTTAGAGCTAGAAATAGCAAGTTAAAATAAGGCTAGTCCGTTATCAACTT
HGLibA_13261	TTGTGGAAAGGACGAAACACCGACGATGGGTAACGCCAGCTTGTTTTAGAGCTAGAAATAGCAAGTTAAAATAAGGCTAGTCCGTTATCAACTT
HGLibA_34397	TTGTGGAAAGGACGAAACACCGACATACTTATTGAGTGTAAGGTTTTAGAGCTAGAAATAGCAAGTTAAAATAAGGCTAGTCCGTTATCAACTT
HGLibB_34351	TTGTGGAAAGGACGAAACACCGGCTAGCAGTATTCACACTCAGTTTTAGAGCTAGAAATAGCAAGTTAAAATAAGGCTAGTCCGTTATCAACTT
HGLibA_34398	TTGTGGAAAGGACGAAACACCGGATGAAATGGTCAATAGTGCGTTTTAGAGCTAGAAATAGCAAGTTAAAATAAGGCTAGTCCGTTATCAACTT
HGLibA_33194	TTGTGGAAAGGACGAAACACCGAAATGTATCTGCGATGATCGGTTTTAGAGCTAGAAATAGCAAGTTAAAATAAGGCTAGTCCGTTATCAACTT
HGLibB_33152	TTGTGGAAAGGACGAAACACCGGTGGCTGTTCTGAAGAGAGAGTTTTAGAGCTAGAAATAGCAAGTTAAAATAAGGCTAGTCCGTTATCAACTT
HGLibA_33196	TTGTGGAAAGGACGAAACACCGAAGTCTCATTGTCTGAAGAAGTTTTAGAGCTAGAAATAGCAAGTTAAAATAAGGCTAGTCCGTTATCAACTT
HGLibA_49643	TTGTGGAAAGGACGAAACACCGTAACATTAATAGCAGCTCGAGTTTTAGAGCTAGAAATAGCAAGTTAAAATAAGGCTAGTCCGTTATCAACTT
HGLibA_49642	TTGTGGAAAGGACGAAACACCGCCCACATTTACGCCTATCCTGTTTTAGAGCTAGAAATAGCAAGTTAAAATAAGGCTAGTCCGTTATCAACTT
HGLibB_49583	TTGTGGAAAGGACGAAACACCGCTTTGCTAACAACACACCCTGTTTTAGAGCTAGAAATAGCAAGTTAAAATAAGGCTAGTCCGTTATCAACTT
HGLibA_31599	TTGTGGAAAGGACGAAACACCGATGAAATCTACCGCAGTTAGGTTTTAGAGCTAGAAATAGCAAGTTAAAATAAGGCTAGTCCGTTATCAACTT
HGLibB_31557	TTGTGGAAAGGACGAAACACCGGTACTCCACTGTTCTTACTAGTTTTAGAGCTAGAAATAGCAAGTTAAAATAAGGCTAGTCCGTTATCAACTT
HGLibB_31556	TTGTGGAAAGGACGAAACACCGCATATTGAGCTGATTCCATGGTTTTAGAGCTAGAAATAGCAAGTTAAAATAAGGCTAGTCCGTTATCAACTT
HGLibA_23099	TTGTGGAAAGGACGAAACACCGGTGCAGTACATAGAAGCATGGTTTTAGAGCTAGAAATAGCAAGTTAAAATAAGGCTAGTCCGTTATCAACTT
HGLibB_23069	TTGTGGAAAGGACGAAACACCGCCCTTTACATACTCTTCAGCGTTTTAGAGCTAGAAATAGCAAGTTAAAATAAGGCTAGTCCGTTATCAACTT
HGLibB_23070	TTGTGGAAAGGACGAAACACCGACTTCATCAGGAATATCTGGGTTTTAGAGCTAGAAATAGCAAGTTAAAATAAGGCTAGTCCGTTATCAACTT
HGLibB_56615	TTGTGGAAAGGACGAAACACCGCGGTGGTCCCATCCTCGAGCGTTTTAGAGCTAGAAATAGCAAGTTAAAATAAGGCTAGTCCGTTATCAACTT
HGLibA_56682	TTGTGGAAAGGACGAAACACCGCACACGGTGACCCTTAGTGAGTTTTAGAGCTAGAAATAGCAAGTTAAAATAAGGCTAGTCCGTTATCAACTT
HGLibB_56616	TTGTGGAAAGGACGAAACACCGTACATACACCGCACACCCAGGTTTTAGAGCTAGAAATAGCAAGTTAAAATAAGGCTAGTCCGTTATCAACTT
HGLibA_15789	TTGTGGAAAGGACGAAACACCGTGTTAGCGATCTCGGTGCCAGTTTTAGAGCTAGAAATAGCAAGTTAAAATAAGGCTAGTCCGTTATCAACTT
HGLibA_15790	TTGTGGAAAGGACGAAACACCGGGACTACCGATGTGTCGAAGGTTTTAGAGCTAGAAATAGCAAGTTAAAATAAGGCTAGTCCGTTATCAACTT
HGLibB_15767	TTGTGGAAAGGACGAAACACCGCACCTAGGAAGACCTCCGTGGTTTTAGAGCTAGAAATAGCAAGTTAAAATAAGGCTAGTCCGTTATCAACTT
HGLibA_62421	TTGTGGAAAGGACGAAACACCGGTCTGCAGGTGGTTCTGTGTGTTTTAGAGCTAGAAATAGCAAGTTAAAATAAGGCTAGTCCGTTATCAACTT
HGLibA_62424	TTGTGGAAAGGACGAAACACCGACACAGAACCACCTGCAGACGTTTTAGAGCTAGAAATAGCAAGTTAAAATAAGGCTAGTCCGTTATCAACTT
HGLibA_62423	TTGTGGAAAGGACGAAACACCGAATACCTTCACATAACTTTTGTTTTAGAGCTAGAAATAGCAAGTTAAAATAAGGCTAGTCCGTTATCAACTT
HGLibA_05827	TTGTGGAAAGGACGAAACACCGCATGGTATCGGCGGCAGAGGGTTTTAGAGCTAGAAATAGCAAGTTAAAATAAGGCTAGTCCGTTATCAACTT
HGLibB_05823	TTGTGGAAAGGACGAAACACCGCAGTGGGCGGTGCCGGTAGCGTTTTAGAGCTAGAAATAGCAAGTTAAAATAAGGCTAGTCCGTTATCAACTT
HGLibA_05829	TTGTGGAAAGGACGAAACACCGAATTACATTCAGCCTGGGACGTTTTAGAGCTAGAAATAGCAAGTTAAAATAAGGCTAGTCCGTTATCAACTT
HGLibA_02847	TTGTGGAAAGGACGAAACACCGTGTTTCCCTCTCCTAAAGCCGTTTTAGAGCTAGAAATAGCAAGTTAAAATAAGGCTAGTCCGTTATCAACTT
HGLibA_02845	TTGTGGAAAGGACGAAACACCGCTTCTAGGCCTAAACGGCAGGTTTTAGAGCTAGAAATAGCAAGTTAAAATAAGGCTAGTCCGTTATCAACTT
HGLibA_02846	TTGTGGAAAGGACGAAACACCGCACTTATGTCGAGACTGCAAGTTTTAGAGCTAGAAATAGCAAGTTAAAATAAGGCTAGTCCGTTATCAACTT
HGLibA_30520	TTGTGGAAAGGACGAAACACCGTACCATCAATGTCCACGACGGTTTTAGAGCTAGAAATAGCAAGTTAAAATAAGGCTAGTCCGTTATCAACTT
HGLibB_30478	TTGTGGAAAGGACGAAACACCGAGCATTCTTCTCAGTAGAGCGTTTTAGAGCTAGAAATAGCAAGTTAAAATAAGGCTAGTCCGTTATCAACTT
HGLibA_30519	TTGTGGAAAGGACGAAACACCGTGAACTGTGTCTCCACGTCGGTTTTAGAGCTAGAAATAGCAAGTTAAAATAAGGCTAGTCCGTTATCAACTT
HGLibA_43914	TTGTGGAAAGGACGAAACACCGTTCAAACTTACCTTTGAGTCGTTTTAGAGCTAGAAATAGCAAGTTAAAATAAGGCTAGTCCGTTATCAACTT
HGLibA_43913	TTGTGGAAAGGACGAAACACCGGCCTCCCCAGATCTTCAATGGTTTTAGAGCTAGAAATAGCAAGTTAAAATAAGGCTAGTCCGTTATCAACTT
HGLibB_43859	TTGTGGAAAGGACGAAACACCGTTATGACCAGGGATCAGAGAGTTTTAGAGCTAGAAATAGCAAGTTAAAATAAGGCTAGTCCGTTATCAACTT
HGLibA_07167	TTGTGGAAAGGACGAAACACCGCCCACCTTTCAGAGCTTCGTGTTTTAGAGCTAGAAATAGCAAGTTAAAATAAGGCTAGTCCGTTATCAACTT
HGLibA_07165	TTGTGGAAAGGACGAAACACCGAGTTTCATCGAAAACTACGCGTTTTAGAGCTAGAAATAGCAAGTTAAAATAAGGCTAGTCCGTTATCAACTT
HGLibB_07160	TTGTGGAAAGGACGAAACACCGTTTCGATGAAACTTTGATCAGTTTTAGAGCTAGAAATAGCAAGTTAAAATAAGGCTAGTCCGTTATCAACTT
HGLibA_56283	TTGTGGAAAGGACGAAACACCGCGCTCAAATCTTGTTGAACAGTTTTAGAGCTAGAAATAGCAAGTTAAAATAAGGCTAGTCCGTTATCAACTT
HGLibA_56284	TTGTGGAAAGGACGAAACACCGGGAAAGGCCTTTAGCTTGTAGTTTTAGAGCTAGAAATAGCAAGTTAAAATAAGGCTAGTCCGTTATCAACTT
HGLibB_56216	TTGTGGAAAGGACGAAACACCGAATACCTGGACCCTAATCAGGTTTTAGAGCTAGAAATAGCAAGTTAAAATAAGGCTAGTCCGTTATCAACTT
HGLibB_08210	TTGTGGAAAGGACGAAACACCGTCCATATGATGTGATCTGTTGTTTTAGAGCTAGAAATAGCAAGTTAAAATAAGGCTAGTCCGTTATCAACTT
HGLibB_08208	TTGTGGAAAGGACGAAACACCGTGGTCCATATGCTGTACGAGGTTTTAGAGCTAGAAATAGCAAGTTAAAATAAGGCTAGTCCGTTATCAACTT
HGLibA_08216	TTGTGGAAAGGACGAAACACCGCAGGATAAACGTCTTGTACCGTTTTAGAGCTAGAAATAGCAAGTTAAAATAAGGCTAGTCCGTTATCAACTT
HGLibB_20705	TTGTGGAAAGGACGAAACACCGGGACGTGGAATTCTCGGTCAGTTTTAGAGCTAGAAATAGCAAGTTAAAATAAGGCTAGTCCGTTATCAACTT
HGLibB_20704	TTGTGGAAAGGACGAAACACCGCAAGTATTCAGACATGATCGGTTTTAGAGCTAGAAATAGCAAGTTAAAATAAGGCTAGTCCGTTATCAACTT
HGLibA_20734	TTGTGGAAAGGACGAAACACCGGAATTCCACGTCCGCCCCTGGTTTTAGAGCTAGAAATAGCAAGTTAAAATAAGGCTAGTCCGTTATCAACTT
HGLibB_15763	TTGTGGAAAGGACGAAACACCGCCTCAGGATCACTTCGAGTGGTTTTAGAGCTAGAAATAGCAAGTTAAAATAAGGCTAGTCCGTTATCAACTT
HGLibB_15761	TTGTGGAAAGGACGAAACACCGAACGCCTCTGCAGCGATTCCGTTTTAGAGCTAGAAATAGCAAGTTAAAATAAGGCTAGTCCGTTATCAACTT
HGLibB_15762	TTGTGGAAAGGACGAAACACCGCTCTGATGGGACCCTCGTGCGTTTTAGAGCTAGAAATAGCAAGTTAAAATAAGGCTAGTCCGTTATCAACTT
HGLibB_49136	TTGTGGAAAGGACGAAACACCGTAGATCAGCATTCTCTAACTGTTTTAGAGCTAGAAATAGCAAGTTAAAATAAGGCTAGTCCGTTATCAACTT
HGLibA_49196	TTGTGGAAAGGACGAAACACCGTCTATAGTGATTGTCAGAGCGTTTTAGAGCTAGAAATAGCAAGTTAAAATAAGGCTAGTCCGTTATCAACTT
HGLibB_49137	TTGTGGAAAGGACGAAACACCGAATTTAAACTCAGCAAAGTCGTTTTAGAGCTAGAAATAGCAAGTTAAAATAAGGCTAGTCCGTTATCAACTT
HGLibB_19543	TTGTGGAAAGGACGAAACACCGTACTTACTCATAAATTGTTCGTTTTAGAGCTAGAAATAGCAAGTTAAAATAAGGCTAGTCCGTTATCAACTT
HGLibA_19572	TTGTGGAAAGGACGAAACACCGCTGAAGAAAACTACATGTGTGTTTTAGAGCTAGAAATAGCAAGTTAAAATAAGGCTAGTCCGTTATCAACTT
HGLibA_19570	TTGTGGAAAGGACGAAACACCGTTGGGTCAGCTAACAGAGACGTTTTAGAGCTAGAAATAGCAAGTTAAAATAAGGCTAGTCCGTTATCAACTT
HGLibA_13730	TTGTGGAAAGGACGAAACACCGAGAAAGTTCATCCGCTCCTCGTTTTAGAGCTAGAAATAGCAAGTTAAAATAAGGCTAGTCCGTTATCAACTT
HGLibA_13732	TTGTGGAAAGGACGAAACACCGCTTAAAGAAGCGATAGTTGAGTTTTAGAGCTAGAAATAGCAAGTTAAAATAAGGCTAGTCCGTTATCAACTT
HGLibB_13711	TTGTGGAAAGGACGAAACACCGCACATCTTAGAAACATATGAGTTTTAGAGCTAGAAATAGCAAGTTAAAATAAGGCTAGTCCGTTATCAACTT
HGLibB_12469	TTGTGGAAAGGACGAAACACCGCTGACACGTTGATCCTGCTAGTTTTAGAGCTAGAAATAGCAAGTTAAAATAAGGCTAGTCCGTTATCAACTT
HGLibA_12485	TTGTGGAAAGGACGAAACACCGTCGCTTTAGAAAACCGCTTCGTTTTAGAGCTAGAAATAGCAAGTTAAAATAAGGCTAGTCCGTTATCAACTT
HGLibA_12483	TTGTGGAAAGGACGAAACACCGCGTCGTCATCCATGAGAAGAGTTTTAGAGCTAGAAATAGCAAGTTAAAATAAGGCTAGTCCGTTATCAACTT
HGLibA_59693	TTGTGGAAAGGACGAAACACCGGCCCATGGAGATCACAGAGCGTTTTAGAGCTAGAAATAGCAAGTTAAAATAAGGCTAGTCCGTTATCAACTT
HGLibA_59690	TTGTGGAAAGGACGAAACACCGCATTCAACAAACATTTAATGGTTTTAGAGCTAGAAATAGCAAGTTAAAATAAGGCTAGTCCGTTATCAACTT
HGLibA_59692	TTGTGGAAAGGACGAAACACCGATCATCAACAGACATTAATTGTTTTAGAGCTAGAAATAGCAAGTTAAAATAAGGCTAGTCCGTTATCAACTT
HGLibB_40705	TTGTGGAAAGGACGAAACACCGGTTTACCTTGATGATCCTTTGTTTTAGAGCTAGAAATAGCAAGTTAAAATAAGGCTAGTCCGTTATCAACTT
HGLibA_40756	TTGTGGAAAGGACGAAACACCGGAGCCCAAAAGGCATGCGACGTTTTAGAGCTAGAAATAGCAAGTTAAAATAAGGCTAGTCCGTTATCAACTT
HGLibB_40703	TTGTGGAAAGGACGAAACACCGCCGGCTCACATGCAAAGCCTGTTTTAGAGCTAGAAATAGCAAGTTAAAATAAGGCTAGTCCGTTATCAACTT
HGLibA_44176	TTGTGGAAAGGACGAAACACCGATGCGCGCCGTCTTCCCCGAGTTTTAGAGCTAGAAATAGCAAGTTAAAATAAGGCTAGTCCGTTATCAACTT
HGLibA_44177	TTGTGGAAAGGACGAAACACCGGTCATCTCATCGTGGTCAGAGTTTTAGAGCTAGAAATAGCAAGTTAAAATAAGGCTAGTCCGTTATCAACTT
HGLibB_44125	TTGTGGAAAGGACGAAACACCGATGGAATACCTTGGAGCAGGGTTTTAGAGCTAGAAATAGCAAGTTAAAATAAGGCTAGTCCGTTATCAACTT
HGLibA_29228	TTGTGGAAAGGACGAAACACCGGCTATTCTGAACCCTGCATGGTTTTAGAGCTAGAAATAGCAAGTTAAAATAAGGCTAGTCCGTTATCAACTT
HGLibB_29187	TTGTGGAAAGGACGAAACACCGTTTCTGGCAGAGCCACATGCGTTTTAGAGCTAGAAATAGCAAGTTAAAATAAGGCTAGTCCGTTATCAACTT
HGLibA_29227	TTGTGGAAAGGACGAAACACCGTGAAGAAAAGCGTGCAATGCGTTTTAGAGCTAGAAATAGCAAGTTAAAATAAGGCTAGTCCGTTATCAACTT
HGLibA_04797	TTGTGGAAAGGACGAAACACCGAGAGCTCTGCATCAATGCGCGTTTTAGAGCTAGAAATAGCAAGTTAAAATAAGGCTAGTCCGTTATCAACTT
HGLibB_04794	TTGTGGAAAGGACGAAACACCGCTACCTGGAGCAGGTCGCTGGTTTTAGAGCTAGAAATAGCAAGTTAAAATAAGGCTAGTCCGTTATCAACTT
HGLibB_04796	TTGTGGAAAGGACGAAACACCGTCCTGCTGCAGACATGCTCCGTTTTAGAGCTAGAAATAGCAAGTTAAAATAAGGCTAGTCCGTTATCAACTT
HGLibB_01860	TTGTGGAAAGGACGAAACACCGTTCAAAATGTGCATTCTGTGGTTTTAGAGCTAGAAATAGCAAGTTAAAATAAGGCTAGTCCGTTATCAACTT
HGLibA_01862	TTGTGGAAAGGACGAAACACCGGTGTGACTTCATTATATCACGTTTTAGAGCTAGAAATAGCAAGTTAAAATAAGGCTAGTCCGTTATCAACTT
HGLibB_01859	TTGTGGAAAGGACGAAACACCGTTACCTCTGATTTGACTCTCGTTTTAGAGCTAGAAATAGCAAGTTAAAATAAGGCTAGTCCGTTATCAACTT
HGLibA_40734	TTGTGGAAAGGACGAAACACCGCCATCTGCTGTCTTCGAGTAGTTTTAGAGCTAGAAATAGCAAGTTAAAATAAGGCTAGTCCGTTATCAACTT
HGLibA_40735	TTGTGGAAAGGACGAAACACCGAAAGAGATCCAGACCACGACGTTTTAGAGCTAGAAATAGCAAGTTAAAATAAGGCTAGTCCGTTATCAACTT
HGLibB_40682	TTGTGGAAAGGACGAAACACCGGCACATAGGAGTCAACCACTGTTTTAGAGCTAGAAATAGCAAGTTAAAATAAGGCTAGTCCGTTATCAACTT
HGLibB_27016	TTGTGGAAAGGACGAAACACCGTGAGCGTGGTCTCTCGGTAGGTTTTAGAGCTAGAAATAGCAAGTTAAAATAAGGCTAGTCCGTTATCAACTT
HGLibB_27015	TTGTGGAAAGGACGAAACACCGGGGAAGCATGATGCGAGTGCGTTTTAGAGCTAGAAATAGCAAGTTAAAATAAGGCTAGTCCGTTATCAACTT
HGLibB_27017	TTGTGGAAAGGACGAAACACCGTGCTACTACAACGAGACCATGTTTTAGAGCTAGAAATAGCAAGTTAAAATAAGGCTAGTCCGTTATCAACTT
HGLibA_29053	TTGTGGAAAGGACGAAACACCGCTCGTTGACTATTGACCCCCGTTTTAGAGCTAGAAATAGCAAGTTAAAATAAGGCTAGTCCGTTATCAACTT
HGLibB_29012	TTGTGGAAAGGACGAAACACCGTGCACCTTCCACAGATGACTGTTTTAGAGCTAGAAATAGCAAGTTAAAATAAGGCTAGTCCGTTATCAACTT
HGLibA_29054	TTGTGGAAAGGACGAAACACCGTGCTATAGACTGGATACCCCGTTTTAGAGCTAGAAATAGCAAGTTAAAATAAGGCTAGTCCGTTATCAACTT
HGLibA_32028	TTGTGGAAAGGACGAAACACCGACATTGGCCGCGGAGTAGGAGTTTTAGAGCTAGAAATAGCAAGTTAAAATAAGGCTAGTCCGTTATCAACTT
HGLibA_32027	TTGTGGAAAGGACGAAACACCGGGCCCAAGGAACGGCGCGAAGTTTTAGAGCTAGAAATAGCAAGTTAAAATAAGGCTAGTCCGTTATCAACTT
HGLibB_31984	TTGTGGAAAGGACGAAACACCGGCTGCGCGGGTGAATTTCTGGTTTTAGAGCTAGAAATAGCAAGTTAAAATAAGGCTAGTCCGTTATCAACTT
HGLibA_45621	TTGTGGAAAGGACGAAACACCGCATCGATCTCCATGTCCAGCGTTTTAGAGCTAGAAATAGCAAGTTAAAATAAGGCTAGTCCGTTATCAACTT
HGLibB_45564	TTGTGGAAAGGACGAAACACCGTCTTCTTGTCTCGGCCCATGGTTTTAGAGCTAGAAATAGCAAGTTAAAATAAGGCTAGTCCGTTATCAACTT
HGLibB_45565	TTGTGGAAAGGACGAAACACCGCATGCTCCACAACCATCAACGTTTTAGAGCTAGAAATAGCAAGTTAAAATAAGGCTAGTCCGTTATCAACTT
HGLibB_38904	TTGTGGAAAGGACGAAACACCGTGTCCTCCGCACACATCATCGTTTTAGAGCTAGAAATAGCAAGTTAAAATAAGGCTAGTCCGTTATCAACTT
HGLibA_38952	TTGTGGAAAGGACGAAACACCGCGGAGGCGGTCTGCGTCATCGTTTTAGAGCTAGAAATAGCAAGTTAAAATAAGGCTAGTCCGTTATCAACTT
HGLibB_38903	TTGTGGAAAGGACGAAACACCGCTGCTCGTAGGAAAAGCCACGTTTTAGAGCTAGAAATAGCAAGTTAAAATAAGGCTAGTCCGTTATCAACTT
HGLibB_32535	TTGTGGAAAGGACGAAACACCGTACAACGTGCTCAGCTGCGAGTTTTAGAGCTAGAAATAGCAAGTTAAAATAAGGCTAGTCCGTTATCAACTT
HGLibA_32579	TTGTGGAAAGGACGAAACACCGGGGCTTCTTCCGGCGCAGTGGTTTTAGAGCTAGAAATAGCAAGTTAAAATAAGGCTAGTCCGTTATCAACTT
HGLibB_32537	TTGTGGAAAGGACGAAACACCGCCTGAAGGCATCCACTATCGGTTTTAGAGCTAGAAATAGCAAGTTAAAATAAGGCTAGTCCGTTATCAACTT
HGLibB_23140	TTGTGGAAAGGACGAAACACCGGCTCCGCCTGTTGTACCAGCGTTTTAGAGCTAGAAATAGCAAGTTAAAATAAGGCTAGTCCGTTATCAACTT
HGLibB_23141	TTGTGGAAAGGACGAAACACCGCTCAGTGCTATAACACCACCGTTTTAGAGCTAGAAATAGCAAGTTAAAATAAGGCTAGTCCGTTATCAACTT
HGLibB_23142	TTGTGGAAAGGACGAAACACCGTTTCCTACAGGGCACGGGTGGTTTTAGAGCTAGAAATAGCAAGTTAAAATAAGGCTAGTCCGTTATCAACTT
HGLibA_53765	TTGTGGAAAGGACGAAACACCGGTAGCCTGTTGTGCGAACAGGTTTTAGAGCTAGAAATAGCAAGTTAAAATAAGGCTAGTCCGTTATCAACTT
HGLibB_53699	TTGTGGAAAGGACGAAACACCGTGCACAGTATTCACTATTGAGTTTTAGAGCTAGAAATAGCAAGTTAAAATAAGGCTAGTCCGTTATCAACTT
HGLibB_53698	TTGTGGAAAGGACGAAACACCGACTTAAAGGAAATCGTTTGCGTTTTAGAGCTAGAAATAGCAAGTTAAAATAAGGCTAGTCCGTTATCAACTT
HGLibA_19494	TTGTGGAAAGGACGAAACACCGAACCCTATCATCGTCTCCTGGTTTTAGAGCTAGAAATAGCAAGTTAAAATAAGGCTAGTCCGTTATCAACTT
HGLibA_19492	TTGTGGAAAGGACGAAACACCGATGGCCCACAAATCGCCTCGGTTTTAGAGCTAGAAATAGCAAGTTAAAATAAGGCTAGTCCGTTATCAACTT
HGLibB_19466	TTGTGGAAAGGACGAAACACCGCCGTGTTCAGATAGCCTGTGGTTTTAGAGCTAGAAATAGCAAGTTAAAATAAGGCTAGTCCGTTATCAACTT
HGLibB_51001	TTGTGGAAAGGACGAAACACCGCCCTGGGCTCACTCGTGTGTGTTTTAGAGCTAGAAATAGCAAGTTAAAATAAGGCTAGTCCGTTATCAACTT
HGLibA_51064	TTGTGGAAAGGACGAAACACCGAGCCTCCCTCTACCGGGAGTGTTTTAGAGCTAGAAATAGCAAGTTAAAATAAGGCTAGTCCGTTATCAACTT
HGLibA_51063	TTGTGGAAAGGACGAAACACCGACCTACACACGAGTGAGCCCGTTTTAGAGCTAGAAATAGCAAGTTAAAATAAGGCTAGTCCGTTATCAACTT
HGLibA_25572	TTGTGGAAAGGACGAAACACCGATGACTTGTGGATCTTACTGGTTTTAGAGCTAGAAATAGCAAGTTAAAATAAGGCTAGTCCGTTATCAACTT
HGLibA_25574	TTGTGGAAAGGACGAAACACCGCCTCCAGGTCTGATTTGCGGGTTTTAGAGCTAGAAATAGCAAGTTAAAATAAGGCTAGTCCGTTATCAACTT
HGLibB_25537	TTGTGGAAAGGACGAAACACCGCTGTCTCAGGTATGAGGAGGGTTTTAGAGCTAGAAATAGCAAGTTAAAATAAGGCTAGTCCGTTATCAACTT
HGLibA_03784	TTGTGGAAAGGACGAAACACCGACCACTCACATAGTCATCAGGTTTTAGAGCTAGAAATAGCAAGTTAAAATAAGGCTAGTCCGTTATCAACTT
HGLibB_03781	TTGTGGAAAGGACGAAACACCGCTTTAACAGCTGTGATGGTGGTTTTAGAGCTAGAAATAGCAAGTTAAAATAAGGCTAGTCCGTTATCAACTT
HGLibA_03783	TTGTGGAAAGGACGAAACACCGAACTGCTCAAAGAGGTTGACGTTTTAGAGCTAGAAATAGCAAGTTAAAATAAGGCTAGTCCGTTATCAACTT
HGLibB_49814	TTGTGGAAAGGACGAAACACCGTCTCATCATCCGCTGAGATCGTTTTAGAGCTAGAAATAGCAAGTTAAAATAAGGCTAGTCCGTTATCAACTT
HGLibB_49813	TTGTGGAAAGGACGAAACACCGGTCATACGGGTAGCCCAAAGGTTTTAGAGCTAGAAATAGCAAGTTAAAATAAGGCTAGTCCGTTATCAACTT
HGLibA_49873	TTGTGGAAAGGACGAAACACCGGAGCAAGGTCCGCTACCGGAGTTTTAGAGCTAGAAATAGCAAGTTAAAATAAGGCTAGTCCGTTATCAACTT
HGLibA_12150	TTGTGGAAAGGACGAAACACCGCAAAATATCGTTTATCGTACGTTTTAGAGCTAGAAATAGCAAGTTAAAATAAGGCTAGTCCGTTATCAACTT
HGLibA_12151	TTGTGGAAAGGACGAAACACCGTGTTACCTTAGAAGACACTCGTTTTAGAGCTAGAAATAGCAAGTTAAAATAAGGCTAGTCCGTTATCAACTT
HGLibB_12137	TTGTGGAAAGGACGAAACACCGTTTAGGCACTCATGGGACAAGTTTTAGAGCTAGAAATAGCAAGTTAAAATAAGGCTAGTCCGTTATCAACTT
HGLibA_60723	TTGTGGAAAGGACGAAACACCGGGCTGGCTGGTTGTGGGATCGTTTTAGAGCTAGAAATAGCAAGTTAAAATAAGGCTAGTCCGTTATCAACTT
HGLibA_60724	TTGTGGAAAGGACGAAACACCGGATCTGGAGGCATCTGGGGTGTTTTAGAGCTAGAAATAGCAAGTTAAAATAAGGCTAGTCCGTTATCAACTT
HGLibA_60722	TTGTGGAAAGGACGAAACACCGGGTATGGGGCTGGCTGGTTGGTTTTAGAGCTAGAAATAGCAAGTTAAAATAAGGCTAGTCCGTTATCAACTT
HGLibA_04288	TTGTGGAAAGGACGAAACACCGTGAAACAGTACGTGATCTTAGTTTTAGAGCTAGAAATAGCAAGTTAAAATAAGGCTAGTCCGTTATCAACTT
HGLibA_04287	TTGTGGAAAGGACGAAACACCGAGGTTGTTCGTGGCTCCATCGTTTTAGAGCTAGAAATAGCAAGTTAAAATAAGGCTAGTCCGTTATCAACTT
HGLibB_04284	TTGTGGAAAGGACGAAACACCGACACCCTTGTTGAATCTATTGTTTTAGAGCTAGAAATAGCAAGTTAAAATAAGGCTAGTCCGTTATCAACTT
HGLibA_08476	TTGTGGAAAGGACGAAACACCGGCGACATACCGCATAGTGGAGTTTTAGAGCTAGAAATAGCAAGTTAAAATAAGGCTAGTCCGTTATCAACTT
HGLibA_08478	TTGTGGAAAGGACGAAACACCGATTCGCCATTGAAATAGCTGGTTTTAGAGCTAGAAATAGCAAGTTAAAATAAGGCTAGTCCGTTATCAACTT
HGLibA_08477	TTGTGGAAAGGACGAAACACCGGAATCGGAGCCATAGTCCAAGTTTTAGAGCTAGAAATAGCAAGTTAAAATAAGGCTAGTCCGTTATCAACTT
HGLibA_47464	TTGTGGAAAGGACGAAACACCGAATCACCTAACATGTCGAGGGTTTTAGAGCTAGAAATAGCAAGTTAAAATAAGGCTAGTCCGTTATCAACTT
HGLibB_47408	TTGTGGAAAGGACGAAACACCGGTTACGTTACCTTTAAATCAGTTTTAGAGCTAGAAATAGCAAGTTAAAATAAGGCTAGTCCGTTATCAACTT
HGLibB_47409	TTGTGGAAAGGACGAAACACCGGAAACCATTTCAGCCAACTCGTTTTAGAGCTAGAAATAGCAAGTTAAAATAAGGCTAGTCCGTTATCAACTT
HGLibA_03333	TTGTGGAAAGGACGAAACACCGTGAACTGTTCGCTGACTGAGGTTTTAGAGCTAGAAATAGCAAGTTAAAATAAGGCTAGTCCGTTATCAACTT
HGLibA_03332	TTGTGGAAAGGACGAAACACCGCAGAACACTCTCACGCCCCTGTTTTAGAGCTAGAAATAGCAAGTTAAAATAAGGCTAGTCCGTTATCAACTT
HGLibA_03331	TTGTGGAAAGGACGAAACACCGTCCTCCTCGAAGAACTCGTCGTTTTAGAGCTAGAAATAGCAAGTTAAAATAAGGCTAGTCCGTTATCAACTT
HGLibA_01231	TTGTGGAAAGGACGAAACACCGCCCCATCTTACCGTTGGTGTGTTTTAGAGCTAGAAATAGCAAGTTAAAATAAGGCTAGTCCGTTATCAACTT
HGLibB_01230	TTGTGGAAAGGACGAAACACCGGCGCTCTCACCTGTCATGGTGTTTTAGAGCTAGAAATAGCAAGTTAAAATAAGGCTAGTCCGTTATCAACTT
HGLibA_01232	TTGTGGAAAGGACGAAACACCGTCAGCGCTCGCACGCAGATCGTTTTAGAGCTAGAAATAGCAAGTTAAAATAAGGCTAGTCCGTTATCAACTT
HGLibA_40226	TTGTGGAAAGGACGAAACACCGCTTCCTGCATGCCTACGTCGGTTTTAGAGCTAGAAATAGCAAGTTAAAATAAGGCTAGTCCGTTATCAACTT
HGLibB_40176	TTGTGGAAAGGACGAAACACCGGCTTTGTCAGCAAAAATTCCGTTTTAGAGCTAGAAATAGCAAGTTAAAATAAGGCTAGTCCGTTATCAACTT
HGLibA_40227	TTGTGGAAAGGACGAAACACCGGAAGTTGGACGCGATCATGTGTTTTAGAGCTAGAAATAGCAAGTTAAAATAAGGCTAGTCCGTTATCAACTT
HGLibA_42726	TTGTGGAAAGGACGAAACACCGATTGGTATCTGATGCCTATGGTTTTAGAGCTAGAAATAGCAAGTTAAAATAAGGCTAGTCCGTTATCAACTT
HGLibB_42673	TTGTGGAAAGGACGAAACACCGAGAAAAGTCATCCTCCCCATGTTTTAGAGCTAGAAATAGCAAGTTAAAATAAGGCTAGTCCGTTATCAACTT
HGLibB_42671	TTGTGGAAAGGACGAAACACCGTCTACCTGCAACAGCTGTGCGTTTTAGAGCTAGAAATAGCAAGTTAAAATAAGGCTAGTCCGTTATCAACTT
HGLibA_10478	TTGTGGAAAGGACGAAACACCGTCTAGGGATTGCCCGCATTGGTTTTAGAGCTAGAAATAGCAAGTTAAAATAAGGCTAGTCCGTTATCAACTT
HGLibB_10468	TTGTGGAAAGGACGAAACACCGCCTAGAGCACCAGAAGTGTCGTTTTAGAGCTAGAAATAGCAAGTTAAAATAAGGCTAGTCCGTTATCAACTT
HGLibB_10467	TTGTGGAAAGGACGAAACACCGCATGAGGGAGACTGTCAATAGTTTTAGAGCTAGAAATAGCAAGTTAAAATAAGGCTAGTCCGTTATCAACTT
HGLibB_29028	TTGTGGAAAGGACGAAACACCGTTTACCTGTCTACTAACACCGTTTTAGAGCTAGAAATAGCAAGTTAAAATAAGGCTAGTCCGTTATCAACTT
HGLibA_29068	TTGTGGAAAGGACGAAACACCGGTTATATGGCCAATCCCACTGTTTTAGAGCTAGAAATAGCAAGTTAAAATAAGGCTAGTCCGTTATCAACTT
HGLibA_29069	TTGTGGAAAGGACGAAACACCGGCTTTAGACAGTTAATCAACGTTTTAGAGCTAGAAATAGCAAGTTAAAATAAGGCTAGTCCGTTATCAACTT
HGLibA_30723	TTGTGGAAAGGACGAAACACCGCAGAGGGTTCCTCATGCGTGGTTTTAGAGCTAGAAATAGCAAGTTAAAATAAGGCTAGTCCGTTATCAACTT
HGLibB_30682	TTGTGGAAAGGACGAAACACCGGTCCAAATTTGTACTGAGTGGTTTTAGAGCTAGAAATAGCAAGTTAAAATAAGGCTAGTCCGTTATCAACTT
HGLibA_30724	TTGTGGAAAGGACGAAACACCGAAACACGTACAGCTTGTACTGTTTTAGAGCTAGAAATAGCAAGTTAAAATAAGGCTAGTCCGTTATCAACTT
HGLibB_34543	TTGTGGAAAGGACGAAACACCGGCTCAAGTAGAGCTTGCGCCGTTTTAGAGCTAGAAATAGCAAGTTAAAATAAGGCTAGTCCGTTATCAACTT
HGLibA_34590	TTGTGGAAAGGACGAAACACCGCAACGTGCACAATCTCAACTGTTTTAGAGCTAGAAATAGCAAGTTAAAATAAGGCTAGTCCGTTATCAACTT
HGLibA_34588	TTGTGGAAAGGACGAAACACCGGATCGGCCAGAGTTACTCCGGTTTTAGAGCTAGAAATAGCAAGTTAAAATAAGGCTAGTCCGTTATCAACTT
HGLibA_47064	TTGTGGAAAGGACGAAACACCGTTCTACACTCGCCGTCCAAGGTTTTAGAGCTAGAAATAGCAAGTTAAAATAAGGCTAGTCCGTTATCAACTT
HGLibB_47006	TTGTGGAAAGGACGAAACACCGCTAGAAGCCGAAGTTATGAAGTTTTAGAGCTAGAAATAGCAAGTTAAAATAAGGCTAGTCCGTTATCAACTT
HGLibB_47005	TTGTGGAAAGGACGAAACACCGAGTTATTTACCTATCATTGTGTTTTAGAGCTAGAAATAGCAAGTTAAAATAAGGCTAGTCCGTTATCAACTT
HGLibA_62428	TTGTGGAAAGGACGAAACACCGTGTTTCTACTTTGCACCCTTGTTTTAGAGCTAGAAATAGCAAGTTAAAATAAGGCTAGTCCGTTATCAACTT
HGLibA_62427	TTGTGGAAAGGACGAAACACCGCTAATCTAACTAATTGTAACGTTTTAGAGCTAGAAATAGCAAGTTAAAATAAGGCTAGTCCGTTATCAACTT
HGLibA_62426	TTGTGGAAAGGACGAAACACCGGTTGAACAACTGAACCCAAAGTTTTAGAGCTAGAAATAGCAAGTTAAAATAAGGCTAGTCCGTTATCAACTT
HGLibA_33085	TTGTGGAAAGGACGAAACACCGTTTGGGAATCATCAGGGCAGGTTTTAGAGCTAGAAATAGCAAGTTAAAATAAGGCTAGTCCGTTATCAACTT
HGLibB_33039	TTGTGGAAAGGACGAAACACCGATAACTCTGTAAGTTATTGCGTTTTAGAGCTAGAAATAGCAAGTTAAAATAAGGCTAGTCCGTTATCAACTT
HGLibB_33040	TTGTGGAAAGGACGAAACACCGTATATCAACTAAAGTAGCTTGTTTTAGAGCTAGAAATAGCAAGTTAAAATAAGGCTAGTCCGTTATCAACTT
HGLibB_20576	TTGTGGAAAGGACGAAACACCGGATGTACAAGCCATTACAGCGTTTTAGAGCTAGAAATAGCAAGTTAAAATAAGGCTAGTCCGTTATCAACTT
HGLibB_20575	TTGTGGAAAGGACGAAACACCGACAAATGAAGTGGCGGCTCCGTTTTAGAGCTAGAAATAGCAAGTTAAAATAAGGCTAGTCCGTTATCAACTT
HGLibA_20605	TTGTGGAAAGGACGAAACACCGCACTTCTCGCTCTCGAAGAAGTTTTAGAGCTAGAAATAGCAAGTTAAAATAAGGCTAGTCCGTTATCAACTT
HGLibA_49866	TTGTGGAAAGGACGAAACACCGGCACCCGGTCGGTCATGGTGGTTTTAGAGCTAGAAATAGCAAGTTAAAATAAGGCTAGTCCGTTATCAACTT
HGLibA_49865	TTGTGGAAAGGACGAAACACCGGGCTGAGACACTGGTATCGAGTTTTAGAGCTAGAAATAGCAAGTTAAAATAAGGCTAGTCCGTTATCAACTT
HGLibB_49806	TTGTGGAAAGGACGAAACACCGGAAGAAGAAGACCGCCAACCGTTTTAGAGCTAGAAATAGCAAGTTAAAATAAGGCTAGTCCGTTATCAACTT
HGLibA_04066	TTGTGGAAAGGACGAAACACCGCCCGGAGTGTAGAGATTTGCGTTTTAGAGCTAGAAATAGCAAGTTAAAATAAGGCTAGTCCGTTATCAACTT
HGLibA_04065	TTGTGGAAAGGACGAAACACCGTCCTGCCCTCGCGCGTAGCCGTTTTAGAGCTAGAAATAGCAAGTTAAAATAAGGCTAGTCCGTTATCAACTT
HGLibB_04064	TTGTGGAAAGGACGAAACACCGTACTTCCACTCAAGAATCGTGTTTTAGAGCTAGAAATAGCAAGTTAAAATAAGGCTAGTCCGTTATCAACTT
HGLibA_24944	TTGTGGAAAGGACGAAACACCGTCTGAAAGTGTCTTACTTAGGTTTTAGAGCTAGAAATAGCAAGTTAAAATAAGGCTAGTCCGTTATCAACTT
HGLibA_24942	TTGTGGAAAGGACGAAACACCGATTTGATCCCTCTACTGAACGTTTTAGAGCTAGAAATAGCAAGTTAAAATAAGGCTAGTCCGTTATCAACTT
HGLibB_24909	TTGTGGAAAGGACGAAACACCGGTTGTTGCCCTGTTCCAAACGTTTTAGAGCTAGAAATAGCAAGTTAAAATAAGGCTAGTCCGTTATCAACTT
HGLibA_63474	TTGTGGAAAGGACGAAACACCGATGCCTTCACTGTGTCTCTCGTTTTAGAGCTAGAAATAGCAAGTTAAAATAAGGCTAGTCCGTTATCAACTT
HGLibA_63475	TTGTGGAAAGGACGAAACACCGGTGTAGGGGAGGTTGGGCCAGTTTTAGAGCTAGAAATAGCAAGTTAAAATAAGGCTAGTCCGTTATCAACTT
HGLibA_63472	TTGTGGAAAGGACGAAACACCGGTGTGTCCCTCGGTCTGGGGGTTTTAGAGCTAGAAATAGCAAGTTAAAATAAGGCTAGTCCGTTATCAACTT
HGLibB_19050	TTGTGGAAAGGACGAAACACCGACCAAAATGAACACAGTCACGTTTTAGAGCTAGAAATAGCAAGTTAAAATAAGGCTAGTCCGTTATCAACTT
HGLibA_19075	TTGTGGAAAGGACGAAACACCGGCCTTTAATAACCGTGCTGAGTTTTAGAGCTAGAAATAGCAAGTTAAAATAAGGCTAGTCCGTTATCAACTT
HGLibA_19076	TTGTGGAAAGGACGAAACACCGGGGATCTGTAACTATAACCTGTTTTAGAGCTAGAAATAGCAAGTTAAAATAAGGCTAGTCCGTTATCAACTT
HGLibA_41387	TTGTGGAAAGGACGAAACACCGCTGAGTCCATATGCTGCCGCGTTTTAGAGCTAGAAATAGCAAGTTAAAATAAGGCTAGTCCGTTATCAACTT
HGLibA_41388	TTGTGGAAAGGACGAAACACCGGGTACCTGGAGCCGTTTGTCGTTTTAGAGCTAGAAATAGCAAGTTAAAATAAGGCTAGTCCGTTATCAACTT
HGLibB_41336	TTGTGGAAAGGACGAAACACCGCACCTTTGTGCACGAGCCCCGTTTTAGAGCTAGAAATAGCAAGTTAAAATAAGGCTAGTCCGTTATCAACTT
HGLibB_15936	TTGTGGAAAGGACGAAACACCGGTTACTCACAGTTCTGCTGCGTTTTAGAGCTAGAAATAGCAAGTTAAAATAAGGCTAGTCCGTTATCAACTT
HGLibB_15935	TTGTGGAAAGGACGAAACACCGTCGTGTGACTGGAGCCAGGAGTTTTAGAGCTAGAAATAGCAAGTTAAAATAAGGCTAGTCCGTTATCAACTT
HGLibA_15957	TTGTGGAAAGGACGAAACACCGTCCAGTCACACGACCAGATAGTTTTAGAGCTAGAAATAGCAAGTTAAAATAAGGCTAGTCCGTTATCAACTT
HGLibB_14752	TTGTGGAAAGGACGAAACACCGGTTCATGACACCCGTGATCCGTTTTAGAGCTAGAAATAGCAAGTTAAAATAAGGCTAGTCCGTTATCAACTT
HGLibA_14773	TTGTGGAAAGGACGAAACACCGCCCTACCAGCCGTTCAGCAAGTTTTAGAGCTAGAAATAGCAAGTTAAAATAAGGCTAGTCCGTTATCAACTT
HGLibA_14774	TTGTGGAAAGGACGAAACACCGATTGTCCGTTGTGAGCACGAGTTTTAGAGCTAGAAATAGCAAGTTAAAATAAGGCTAGTCCGTTATCAACTT
HGLibB_48198	TTGTGGAAAGGACGAAACACCGAACAAGTGTGACCACGATATGTTTTAGAGCTAGAAATAGCAAGTTAAAATAAGGCTAGTCCGTTATCAACTT
HGLibA_48259	TTGTGGAAAGGACGAAACACCGGCCCACACTGTCCGATATCGGTTTTAGAGCTAGAAATAGCAAGTTAAAATAAGGCTAGTCCGTTATCAACTT
HGLibB_48200	TTGTGGAAAGGACGAAACACCGCCTTACCGTTCCGGAGCCACGTTTTAGAGCTAGAAATAGCAAGTTAAAATAAGGCTAGTCCGTTATCAACTT
HGLibA_40744	TTGTGGAAAGGACGAAACACCGGGGTGGGCGAGCTCATAGTCGTTTTAGAGCTAGAAATAGCAAGTTAAAATAAGGCTAGTCCGTTATCAACTT
HGLibB_40691	TTGTGGAAAGGACGAAACACCGGTAGCTCGGCGGCCGTGGCGGTTTTAGAGCTAGAAATAGCAAGTTAAAATAAGGCTAGTCCGTTATCAACTT
HGLibA_40742	TTGTGGAAAGGACGAAACACCGGAACTAGCCCGCCGCTTAGAGTTTTAGAGCTAGAAATAGCAAGTTAAAATAAGGCTAGTCCGTTATCAACTT
HGLibA_05540	TTGTGGAAAGGACGAAACACCGCAGAACGCAGTGCGCCACATGTTTTAGAGCTAGAAATAGCAAGTTAAAATAAGGCTAGTCCGTTATCAACTT
HGLibB_05536	TTGTGGAAAGGACGAAACACCGTTGGGAAGAATGGATAAGCAGTTTTAGAGCTAGAAATAGCAAGTTAAAATAAGGCTAGTCCGTTATCAACTT
HGLibB_05537	TTGTGGAAAGGACGAAACACCGAGGACACTGAGCGCCGCTCGGTTTTAGAGCTAGAAATAGCAAGTTAAAATAAGGCTAGTCCGTTATCAACTT
HGLibA_04952	TTGTGGAAAGGACGAAACACCGCTTACCGGAATCTGTCTTTCGTTTTAGAGCTAGAAATAGCAAGTTAAAATAAGGCTAGTCCGTTATCAACTT
HGLibA_04954	TTGTGGAAAGGACGAAACACCGGATCACTTGTGTTGAAACAGGTTTTAGAGCTAGAAATAGCAAGTTAAAATAAGGCTAGTCCGTTATCAACTT
HGLibB_04949	TTGTGGAAAGGACGAAACACCGTGTGCACGGTCAAGAGAAACGTTTTAGAGCTAGAAATAGCAAGTTAAAATAAGGCTAGTCCGTTATCAACTT
HGLibB_27348	TTGTGGAAAGGACGAAACACCGAGCCCACGAACGCAATGAATGTTTTAGAGCTAGAAATAGCAAGTTAAAATAAGGCTAGTCCGTTATCAACTT
HGLibB_27349	TTGTGGAAAGGACGAAACACCGTATTACCTGCTGTACAGCGCGTTTTAGAGCTAGAAATAGCAAGTTAAAATAAGGCTAGTCCGTTATCAACTT
HGLibB_27350	TTGTGGAAAGGACGAAACACCGGGCATCCGAGTGCATCAACCGTTTTAGAGCTAGAAATAGCAAGTTAAAATAAGGCTAGTCCGTTATCAACTT
HGLibA_19831	TTGTGGAAAGGACGAAACACCGCAGCACATTTGCAAATCGCGGTTTTAGAGCTAGAAATAGCAAGTTAAAATAAGGCTAGTCCGTTATCAACTT
HGLibB_19804	TTGTGGAAAGGACGAAACACCGGGTTTACAACTTGGACAGACGTTTTAGAGCTAGAAATAGCAAGTTAAAATAAGGCTAGTCCGTTATCAACTT
HGLibA_19830	TTGTGGAAAGGACGAAACACCGAGACATCCGGGAACTGATCGGTTTTAGAGCTAGAAATAGCAAGTTAAAATAAGGCTAGTCCGTTATCAACTT
HGLibA_30458	TTGTGGAAAGGACGAAACACCGCAACTCAAAAGCCTGACGATGTTTTAGAGCTAGAAATAGCAAGTTAAAATAAGGCTAGTCCGTTATCAACTT
HGLibA_30456	TTGTGGAAAGGACGAAACACCGGAGTCCAGCGGCCTATCGTCGTTTTAGAGCTAGAAATAGCAAGTTAAAATAAGGCTAGTCCGTTATCAACTT
HGLibB_30414	TTGTGGAAAGGACGAAACACCGGCACCGTACACTGAACACCAGTTTTAGAGCTAGAAATAGCAAGTTAAAATAAGGCTAGTCCGTTATCAACTT
HGLibA_26301	TTGTGGAAAGGACGAAACACCGTCATGCGGTTCCACAGCTGTGTTTTAGAGCTAGAAATAGCAAGTTAAAATAAGGCTAGTCCGTTATCAACTT
HGLibB_26263	TTGTGGAAAGGACGAAACACCGGCTTCCACAGTACGTGTCCCGTTTTAGAGCTAGAAATAGCAAGTTAAAATAAGGCTAGTCCGTTATCAACTT
HGLibA_26299	TTGTGGAAAGGACGAAACACCGACATGCTCTCATCCATGCCGGTTTTAGAGCTAGAAATAGCAAGTTAAAATAAGGCTAGTCCGTTATCAACTT
HGLibA_12186	TTGTGGAAAGGACGAAACACCGTGTCGGGGTGGCACAAACTGGTTTTAGAGCTAGAAATAGCAAGTTAAAATAAGGCTAGTCCGTTATCAACTT
HGLibB_12174	TTGTGGAAAGGACGAAACACCGCAAGTTCTTCTACAGCTTCCGTTTTAGAGCTAGAAATAGCAAGTTAAAATAAGGCTAGTCCGTTATCAACTT
HGLibA_12188	TTGTGGAAAGGACGAAACACCGCTTGCAGGTCAACCCCACAGGTTTTAGAGCTAGAAATAGCAAGTTAAAATAAGGCTAGTCCGTTATCAACTT
HGLibB_57490	TTGTGGAAAGGACGAAACACCGATTGCTCTGTCGCATCAATCGTTTTAGAGCTAGAAATAGCAAGTTAAAATAAGGCTAGTCCGTTATCAACTT
HGLibB_57899	TTGTGGAAAGGACGAAACACCGGCACGAGGTGAACAGCCGCTGTTTTAGAGCTAGAAATAGCAAGTTAAAATAAGGCTAGTCCGTTATCAACTT
HGLibB_57978	TTGTGGAAAGGACGAAACACCGTAGTACATGTGTGGTATTTAGTTTTAGAGCTAGAAATAGCAAGTTAAAATAAGGCTAGTCCGTTATCAACTT
HGLibB_57371	TTGTGGAAAGGACGAAACACCGTCCGGAGGCTCAAACCAAGTGTTTTAGAGCTAGAAATAGCAAGTTAAAATAAGGCTAGTCCGTTATCAACTT
HGLibB_57642	TTGTGGAAAGGACGAAACACCGAGAACCCAGACGCCAGCGGTGTTTTAGAGCTAGAAATAGCAAGTTAAAATAAGGCTAGTCCGTTATCAACTT
HGLibB_57812	TTGTGGAAAGGACGAAACACCGATTTATAAACACAGGGTCGCGTTTTAGAGCTAGAAATAGCAAGTTAAAATAAGGCTAGTCCGTTATCAACTT
HGLibB_57744	TTGTGGAAAGGACGAAACACCGCCTTATGGAATCAGACCGTTGTTTTAGAGCTAGAAATAGCAAGTTAAAATAAGGCTAGTCCGTTATCAACTT
HGLibB_57655	TTGTGGAAAGGACGAAACACCGAGAAACTGAACTATCCTACTGTTTTAGAGCTAGAAATAGCAAGTTAAAATAAGGCTAGTCCGTTATCAACTT
HGLibB_57273	TTGTGGAAAGGACGAAACACCGACTCGAAATCACCTATGGTAGTTTTAGAGCTAGAAATAGCAAGTTAAAATAAGGCTAGTCCGTTATCAACTT
HGLibB_57780	TTGTGGAAAGGACGAAACACCGCAGGGTTGCGCAGAGGACTCGTTTTAGAGCTAGAAATAGCAAGTTAAAATAAGGCTAGTCCGTTATCAACTT
HGLibB_57960	TTGTGGAAAGGACGAAACACCGGGAATGTCCTAGGTTACTGAGTTTTAGAGCTAGAAATAGCAAGTTAAAATAAGGCTAGTCCGTTATCAACTT
HGLibB_57442	TTGTGGAAAGGACGAAACACCGTTCAATTCACCGAGGGCGCAGTTTTAGAGCTAGAAATAGCAAGTTAAAATAAGGCTAGTCCGTTATCAACTT
HGLibB_57403	TTGTGGAAAGGACGAAACACCGCGATGCCCGTCTATGGCCCGGTTTTAGAGCTAGAAATAGCAAGTTAAAATAAGGCTAGTCCGTTATCAACTT
HGLibB_57667	TTGTGGAAAGGACGAAACACCGCCCAATGGCTTCTGCGTGACGTTTTAGAGCTAGAAATAGCAAGTTAAAATAAGGCTAGTCCGTTATCAACTT
HGLibB_57344	TTGTGGAAAGGACGAAACACCGCCATCACCGATCGTGAGCCTGTTTTAGAGCTAGAAATAGCAAGTTAAAATAAGGCTAGTCCGTTATCAACTT
HGLibB_57650	TTGTGGAAAGGACGAAACACCGATACAATACTTTGGCGCATAGTTTTAGAGCTAGAAATAGCAAGTTAAAATAAGGCTAGTCCGTTATCAACTT
HGLibB_57425	TTGTGGAAAGGACGAAACACCGTTGTACGGTACTGGCTTTGTGTTTTAGAGCTAGAAATAGCAAGTTAAAATAAGGCTAGTCCGTTATCAACTT
HGLibB_57975	TTGTGGAAAGGACGAAACACCGTTCCATTGGCTGGAATCTGAGTTTTAGAGCTAGAAATAGCAAGTTAAAATAAGGCTAGTCCGTTATCAACTT
HGLibB_58016	TTGTGGAAAGGACGAAACACCGATTTAGTAGACATTGGGTCTGTTTTAGAGCTAGAAATAGCAAGTTAAAATAAGGCTAGTCCGTTATCAACTT
HGLibB_57906	TTGTGGAAAGGACGAAACACCGAAGTGTGTGCATAGCAGGGTGTTTTAGAGCTAGAAATAGCAAGTTAAAATAAGGCTAGTCCGTTATCAACTT
HGLibB_57071	TTGTGGAAAGGACGAAACACCGCGCCGGGCTGACAATTAACGGTTTTAGAGCTAGAAATAGCAAGTTAAAATAAGGCTAGTCCGTTATCAACTT
HGLibB_57299	TTGTGGAAAGGACGAAACACCGGGGCCTACGATCAGAGGTGTGTTTTAGAGCTAGAAATAGCAAGTTAAAATAAGGCTAGTCCGTTATCAACTT
HGLibB_57088	TTGTGGAAAGGACGAAACACCGTTCGCACGATTGCACCTTGGGTTTTAGAGCTAGAAATAGCAAGTTAAAATAAGGCTAGTCCGTTATCAACTT
HGLibB_57466	TTGTGGAAAGGACGAAACACCGGAAATGCTATGCTTCGGTTCGTTTTAGAGCTAGAAATAGCAAGTTAAAATAAGGCTAGTCCGTTATCAACTT
HGLibB_57560	TTGTGGAAAGGACGAAACACCGCCGTGTTCCACAACTACCCTGTTTTAGAGCTAGAAATAGCAAGTTAAAATAAGGCTAGTCCGTTATCAACTT
HGLibB_57858	TTGTGGAAAGGACGAAACACCGAAGCCATTGTATAACTCCAGGTTTTAGAGCTAGAAATAGCAAGTTAAAATAAGGCTAGTCCGTTATCAACTT
HGLibB_57318	TTGTGGAAAGGACGAAACACCGAGAAGACCGAGGCGCTTCAAGTTTTAGAGCTAGAAATAGCAAGTTAAAATAAGGCTAGTCCGTTATCAACTT
HGLibB_58026	TTGTGGAAAGGACGAAACACCGTTTCCCATGATCATTTAGTGGTTTTAGAGCTAGAAATAGCAAGTTAAAATAAGGCTAGTCCGTTATCAACTT
HGLibB_57871	TTGTGGAAAGGACGAAACACCGGGAGAGGAAAATCGGCACAGGTTTTAGAGCTAGAAATAGCAAGTTAAAATAAGGCTAGTCCGTTATCAACTT
HGLibB_57759	TTGTGGAAAGGACGAAACACCGGACACTATCCAACCCAAGAGGTTTTAGAGCTAGAAATAGCAAGTTAAAATAAGGCTAGTCCGTTATCAACTT
HGLibB_57844	TTGTGGAAAGGACGAAACACCGATGCAAGACAGCCTCCCAGCGTTTTAGAGCTAGAAATAGCAAGTTAAAATAAGGCTAGTCCGTTATCAACTT
HGLibB_57407	TTGTGGAAAGGACGAAACACCGCCTTGGCGAGACGGAGGTACGTTTTAGAGCTAGAAATAGCAAGTTAAAATAAGGCTAGTCCGTTATCAACTT
HGLibB_57135	TTGTGGAAAGGACGAAACACCGCAATCGGCGACGTTTTAAATGTTTTAGAGCTAGAAATAGCAAGTTAAAATAAGGCTAGTCCGTTATCAACTT
HGLibB_57394	TTGTGGAAAGGACGAAACACCGATTGCGCAATCCTTAGGATAGTTTTAGAGCTAGAAATAGCAAGTTAAAATAAGGCTAGTCCGTTATCAACTT
HGLibB_57638	TTGTGGAAAGGACGAAACACCGCCTCGATGGTCACCTGTAGCGTTTTAGAGCTAGAAATAGCAAGTTAAAATAAGGCTAGTCCGTTATCAACTT
HGLibB_57279	TTGTGGAAAGGACGAAACACCGCAGCGCCGAAACTCTTTCCGGTTTTAGAGCTAGAAATAGCAAGTTAAAATAAGGCTAGTCCGTTATCAACTT
HGLibB_57446	TTGTGGAAAGGACGAAACACCGGGTTAACATCGCCACTCTGAGTTTTAGAGCTAGAAATAGCAAGTTAAAATAAGGCTAGTCCGTTATCAACTT
HGLibB_57141	TTGTGGAAAGGACGAAACACCGGCGAACCCCGTAGCCAGGCTGTTTTAGAGCTAGAAATAGCAAGTTAAAATAAGGCTAGTCCGTTATCAACTT
HGLibB_57624	TTGTGGAAAGGACGAAACACCGAATCGCAGGTATCCCAGAGCGTTTTAGAGCTAGAAATAGCAAGTTAAAATAAGGCTAGTCCGTTATCAACTT
HGLibB_57312	TTGTGGAAAGGACGAAACACCGACGGAAAGACCTCGCTATTCGTTTTAGAGCTAGAAATAGCAAGTTAAAATAAGGCTAGTCCGTTATCAACTT
HGLibB_57308	TTGTGGAAAGGACGAAACACCGCCGCTGTCTCACTAATCTCAGTTTTAGAGCTAGAAATAGCAAGTTAAAATAAGGCTAGTCCGTTATCAACTT
HGLibB_57132	TTGTGGAAAGGACGAAACACCGCAAGACCTTATCGTGCAGCGGTTTTAGAGCTAGAAATAGCAAGTTAAAATAAGGCTAGTCCGTTATCAACTT
HGLibB_57734	TTGTGGAAAGGACGAAACACCGATCAGCCCATTTCTGCGCACGTTTTAGAGCTAGAAATAGCAAGTTAAAATAAGGCTAGTCCGTTATCAACTT
HGLibB_57179	TTGTGGAAAGGACGAAACACCGTGACGCGATAGAGTTGGCTTGTTTTAGAGCTAGAAATAGCAAGTTAAAATAAGGCTAGTCCGTTATCAACTT
HGLibB_57402	TTGTGGAAAGGACGAAACACCGCATTGCACGCCACAGCATTGGTTTTAGAGCTAGAAATAGCAAGTTAAAATAAGGCTAGTCCGTTATCAACTT
HGLibB_57173	TTGTGGAAAGGACGAAACACCGGTCATCAGCGATTTGACGAGGTTTTAGAGCTAGAAATAGCAAGTTAAAATAAGGCTAGTCCGTTATCAACTT
HGLibB_57080	TTGTGGAAAGGACGAAACACCGCTCGACAGTTCGTCCCGAGCGTTTTAGAGCTAGAAATAGCAAGTTAAAATAAGGCTAGTCCGTTATCAACTT
HGLibB_57395	TTGTGGAAAGGACGAAACACCGGAAGCGGGACCGTGTCTCACGTTTTAGAGCTAGAAATAGCAAGTTAAAATAAGGCTAGTCCGTTATCAACTT
HGLibB_57154	TTGTGGAAAGGACGAAACACCGATTCCTTCGGCGCTCTGCGTGTTTTAGAGCTAGAAATAGCAAGTTAAAATAAGGCTAGTCCGTTATCAACTT
HGLibB_57816	TTGTGGAAAGGACGAAACACCGAGTTCTGTTCGATAGATGCCGTTTTAGAGCTAGAAATAGCAAGTTAAAATAAGGCTAGTCCGTTATCAACTT
HGLibB_57069	TTGTGGAAAGGACGAAACACCGGATGGCGCTTCAGTCGTCGGGTTTTAGAGCTAGAAATAGCAAGTTAAAATAAGGCTAGTCCGTTATCAACTT
HGLibB_57324	TTGTGGAAAGGACGAAACACCGGCCTATCGGCATTCCCACTGGTTTTAGAGCTAGAAATAGCAAGTTAAAATAAGGCTAGTCCGTTATCAACTT
HGLibB_57031	TTGTGGAAAGGACGAAACACCGATCGTTTCCGCTTAACGGCGGTTTTAGAGCTAGAAATAGCAAGTTAAAATAAGGCTAGTCCGTTATCAACTT
HGLibB_57721	TTGTGGAAAGGACGAAACACCGGGGTGGTCATTCTCTACTTGGTTTTAGAGCTAGAAATAGCAAGTTAAAATAAGGCTAGTCCGTTATCAACTT
HGLibB_57256	TTGTGGAAAGGACGAAACACCGATCAGGCCTTGTCCGTGATTGTTTTAGAGCTAGAAATAGCAAGTTAAAATAAGGCTAGTCCGTTATCAACTT
HGLibB_57258	TTGTGGAAAGGACGAAACACCGAGAGCGTCTTCGTGACAAACGTTTTAGAGCTAGAAATAGCAAGTTAAAATAAGGCTAGTCCGTTATCAACTT
HGLibB_57771	TTGTGGAAAGGACGAAACACCGTGCCTCTCCCTTACCCGGACGTTTTAGAGCTAGAAATAGCAAGTTAAAATAAGGCTAGTCCGTTATCAACTT
HGLibB_57679	TTGTGGAAAGGACGAAACACCGCAAAAGTCTCGCTTGGTCCTGTTTTAGAGCTAGAAATAGCAAGTTAAAATAAGGCTAGTCCGTTATCAACTT
HGLibB_57153	TTGTGGAAAGGACGAAACACCGCTCCTTACGTCGGGCATTAAGTTTTAGAGCTAGAAATAGCAAGTTAAAATAAGGCTAGTCCGTTATCAACTT
HGLibB_57454	TTGTGGAAAGGACGAAACACCGGGGATGCGTCTTGCTAAACCGTTTTAGAGCTAGAAATAGCAAGTTAAAATAAGGCTAGTCCGTTATCAACTT
HGLibB_57212	TTGTGGAAAGGACGAAACACCGAAAACATCGACCGAAAGCGTGTTTTAGAGCTAGAAATAGCAAGTTAAAATAAGGCTAGTCCGTTATCAACTT
HGLibB_57296	TTGTGGAAAGGACGAAACACCGTATACTGCGGATCAATCTGAGTTTTAGAGCTAGAAATAGCAAGTTAAAATAAGGCTAGTCCGTTATCAACTT
HGLibB_57424	TTGTGGAAAGGACGAAACACCGCCCGCTAACAGCCTAGATCAGTTTTAGAGCTAGAAATAGCAAGTTAAAATAAGGCTAGTCCGTTATCAACTT
HGLibB_57626	TTGTGGAAAGGACGAAACACCGGAGACCACTTTCGTGCAAGCGTTTTAGAGCTAGAAATAGCAAGTTAAAATAAGGCTAGTCCGTTATCAACTT
HGLibB_57460	TTGTGGAAAGGACGAAACACCGCAGCGGTGCTATTTGGTCTTGTTTTAGAGCTAGAAATAGCAAGTTAAAATAAGGCTAGTCCGTTATCAACTT
HGLibB_57272	TTGTGGAAAGGACGAAACACCGCGACAACGTGCAGGTGTATCGTTTTAGAGCTAGAAATAGCAAGTTAAAATAAGGCTAGTCCGTTATCAACTT
HGLibB_57585	TTGTGGAAAGGACGAAACACCGAGCGCTCTGGTTGCATCCCTGTTTTAGAGCTAGAAATAGCAAGTTAAAATAAGGCTAGTCCGTTATCAACTT
HGLibB_57347	TTGTGGAAAGGACGAAACACCGCGTGTTTGGAATTTGCCGCGGTTTTAGAGCTAGAAATAGCAAGTTAAAATAAGGCTAGTCCGTTATCAACTT
HGLibB_57056	TTGTGGAAAGGACGAAACACCGCGCGACGACTCAACCTAGTCGTTTTAGAGCTAGAAATAGCAAGTTAAAATAAGGCTAGTCCGTTATCAACTT
HGLibB_57952	TTGTGGAAAGGACGAAACACCGTGTGAAAGTTTATGGTGTTAGTTTTAGAGCTAGAAATAGCAAGTTAAAATAAGGCTAGTCCGTTATCAACTT
HGLibB_57330	TTGTGGAAAGGACGAAACACCGTGGGAATTCCTCGGCCGATTGTTTTAGAGCTAGAAATAGCAAGTTAAAATAAGGCTAGTCCGTTATCAACTT
HGLibB_57130	TTGTGGAAAGGACGAAACACCGTCCAGCGCGAGCTTACTCGTGTTTTAGAGCTAGAAATAGCAAGTTAAAATAAGGCTAGTCCGTTATCAACTT
HGLibB_57591	TTGTGGAAAGGACGAAACACCGGAACCGACTTGAAGGGGGCTGTTTTAGAGCTAGAAATAGCAAGTTAAAATAAGGCTAGTCCGTTATCAACTT
HGLibB_57988	TTGTGGAAAGGACGAAACACCGGGAACGAGGCAGTGACAGGGGTTTTAGAGCTAGAAATAGCAAGTTAAAATAAGGCTAGTCCGTTATCAACTT
HGLibB_57633	TTGTGGAAAGGACGAAACACCGACGTCAACTGCTGGAGTGGGGTTTTAGAGCTAGAAATAGCAAGTTAAAATAAGGCTAGTCCGTTATCAACTT
HGLibB_57369	TTGTGGAAAGGACGAAACACCGTGGCGGCCCAAACTTAACACGTTTTAGAGCTAGAAATAGCAAGTTAAAATAAGGCTAGTCCGTTATCAACTT
HGLibB_57221	TTGTGGAAAGGACGAAACACCGGTGCGACGAATTGTCCTGAGGTTTTAGAGCTAGAAATAGCAAGTTAAAATAAGGCTAGTCCGTTATCAACTT
HGLibB_57770	TTGTGGAAAGGACGAAACACCGCACTGCAGTATTCGTGGCCTGTTTTAGAGCTAGAAATAGCAAGTTAAAATAAGGCTAGTCCGTTATCAACTT
HGLibB_57496	TTGTGGAAAGGACGAAACACCGCCAATCTTGAACGTCATGTTGTTTTAGAGCTAGAAATAGCAAGTTAAAATAAGGCTAGTCCGTTATCAACTT
HGLibB_58018	TTGTGGAAAGGACGAAACACCGGTGTAGTCCTAGCCATGGGGGTTTTAGAGCTAGAAATAGCAAGTTAAAATAAGGCTAGTCCGTTATCAACTT
HGLibB_57511	TTGTGGAAAGGACGAAACACCGTTTCTAGTTACTACTGGACGGTTTTAGAGCTAGAAATAGCAAGTTAAAATAAGGCTAGTCCGTTATCAACTT
HGLibB_57563	TTGTGGAAAGGACGAAACACCGTACGTCATTAAGAGTTCAACGTTTTAGAGCTAGAAATAGCAAGTTAAAATAAGGCTAGTCCGTTATCAACTT
HGLibB_57631	TTGTGGAAAGGACGAAACACCGGGCTGGTTGACCTTCCCGCTGTTTTAGAGCTAGAAATAGCAAGTTAAAATAAGGCTAGTCCGTTATCAACTT
HGLibB_57608	TTGTGGAAAGGACGAAACACCGGGAACCCTCCCTGCGATAGAGTTTTAGAGCTAGAAATAGCAAGTTAAAATAAGGCTAGTCCGTTATCAACTT
HGLibB_57305	TTGTGGAAAGGACGAAACACCGACTGTTGCCGCGCCAACTGCGTTTTAGAGCTAGAAATAGCAAGTTAAAATAAGGCTAGTCCGTTATCAACTT
HGLibB_57167	TTGTGGAAAGGACGAAACACCGACCCGATAATAGCTACTGGTGTTTTAGAGCTAGAAATAGCAAGTTAAAATAAGGCTAGTCCGTTATCAACTT
HGLibB_57295	TTGTGGAAAGGACGAAACACCGCTCGGCCCACTTGCGTTATAGTTTTAGAGCTAGAAATAGCAAGTTAAAATAAGGCTAGTCCGTTATCAACTT
HGLibB_57859	TTGTGGAAAGGACGAAACACCGTGCAAGGACCTGGTATGAACGTTTTAGAGCTAGAAATAGCAAGTTAAAATAAGGCTAGTCCGTTATCAACTT
HGLibB_57989	TTGTGGAAAGGACGAAACACCGGCTAGTTTCTGTTAGCTCCTGTTTTAGAGCTAGAAATAGCAAGTTAAAATAAGGCTAGTCCGTTATCAACTT
HGLibB_57826	TTGTGGAAAGGACGAAACACCGTTCTAAGCGCCCTGGGGACAGTTTTAGAGCTAGAAATAGCAAGTTAAAATAAGGCTAGTCCGTTATCAACTT
HGLibB_57169	TTGTGGAAAGGACGAAACACCGCCCGCCGAAGACCCTGCTTGGTTTTAGAGCTAGAAATAGCAAGTTAAAATAAGGCTAGTCCGTTATCAACTT
HGLibB_57698	TTGTGGAAAGGACGAAACACCGCAAAAAGGCGTTTGAGCGTGGTTTTAGAGCTAGAAATAGCAAGTTAAAATAAGGCTAGTCCGTTATCAACTT
HGLibB_57301	TTGTGGAAAGGACGAAACACCGGGCGATTCGGGTGGAGGTCGGTTTTAGAGCTAGAAATAGCAAGTTAAAATAAGGCTAGTCCGTTATCAACTT
HGLibB_57523	TTGTGGAAAGGACGAAACACCGGCTTAAGTCACGGCTTTCCAGTTTTAGAGCTAGAAATAGCAAGTTAAAATAAGGCTAGTCCGTTATCAACTT
